src	id	field	ua
tips	0	ctgr	Восьмикласник
tips	0	name	Організація
tips	0	note	«Організація» — це Організація. Не більше і не менше. Офіційна назва в неї інша, але хто вимовить її вголос — не житиме. Тому всі, хто знає про її існування, називають її просто «Організація» — з благоговійним страхом.
tips	0	ruby	
tips	100	ctgr	Мережа
tips	100	name	Чіраура
tips	100	note	Скорочення від «зворот рекламної листівки». Мережевий сленг: місце, де записують свої думки й враження, тобто блог.
tips	100	ruby	
tips	101	ctgr	Наука
tips	101	name	Діаграма Пенроуза
tips	101	note	Також «схема Пенроуза» або «діаграма простору-часу Пенроуза». Спосіб зобразити безмежний простір-час на скінченній двовимірній площині. Придумав її фізик Роджер Пенроуз.
tips	101	ruby	
tips	102	ctgr	Мережа
tips	102	name	Українською, будь ласка
tips	102	note	«ок» тут значить «OK». На мережевих форумах так підколюють того, хто написав щось незрозуміле: мовляв, «пиши так, щоб тебе розуміли».
tips	102	ruby	
tips	103	ctgr	Мережа
tips	103	name	ґдґд
tips	103	note	Скорочення від «ґудаґуда» — тобто «мляво», «тягомотина», «розкисло».
tips	103	ruby	
tips	104	ctgr	Наука
tips	104	name	Сингулярність
tips	104	note	"Тут — «гравітаційна сингулярність» з астрофізики. Місце, де гравітація стає безмежною. Це суто теоретична річ: що діється всередині сингулярності, спостерігати неможливо, а тому й існування її не довести.
Сингулярність у чорній дірі — це «точка», що народжується, коли зоря на схилі життя стискається під власною вагою. Уяви собі зорю кількасот мільйонів кілометрів у діаметрі — і всю її речовину разом з усім довкола, втиснуту у простір, менший за оцю крапку."
tips	104	ruby	
tips	105	ctgr	Мережа
tips	105	name	ЗАКРИЙ ПАЩЕКУ-У-У
tips	105	note	Дістав. Страшенно бісить.
tips	105	ruby	
tips	106	ctgr	Наука
tips	106	name	Цезієвий годинник
tips	106	note	Атомний годинник. Вимірює час за резонансною частотою атома цезію. Вважається найточнішим з усіх годинників, і з 1967 року вимірювання цезієвим атомним годинником є міжнародним визначенням «однієї секунди».
tips	106	ruby	
tips	107	ctgr	Мережа
tips	107	name	Ніконосець
tips	107	note	Скорочення від «постійний нікнейм». На @чані таких людей мало: якщо писати, не вводячи нікнейм, повідомлення підписується як «Безіменний-сан» тощо. Ті, хто виставляє нік, зазвичай викликають кпини.
tips	107	ruby	
tips	108	ctgr	Інше
tips	108	name	X68000
tips	108	note	16-бітний ПК, що вийшов у Японії 1987 року. Прикмета — корпус із двох веж, розділений навпіл, який назвали «манхеттенською формою».
tips	108	ruby	
tips	109	ctgr	Восьмикласник
tips	109	name	Різні очі
tips	109	note	Гетерохромія райдужки: колір очей ліворуч і праворуч різний. Часто трапляється в персонажів аніме та манґи. Причин цьому здебільшого не наводять — це радше просто ще один елемент моє.
tips	109	ruby	
tips	10	ctgr	Отаку
tips	10	name	Косплей
tips	10	note	Скорочення від «костюмована гра» — перевдягання. В Японії «косплей» означає перевтілення в персонажа аніме тощо, а тих, хто цим займається, звуть «косплеєрами» (ще коротше — «плеєрами»). Костюми для косплею здебільшого шиють самотужки.
tips	10	ruby	
tips	110	ctgr	Наука
tips	110	name	Фазовий перехід
tips	110	note	Фізичне явище, коли через зовнішні умови — температуру, тиск тощо — речовина переходить з однієї фази в іншу. Буває між рідкою, газовою і твердою фазами, між феромагнітним і параманітним станами, між високим і низьким вакуумом.
tips	110	ruby	
tips	111	ctgr	Інше
tips	111	name	Фрактальна структура
tips	111	note	Одне з понять геометрії, що означає надпросту структуру, або ж самоподібну форму. Найдрібніша частина фігури подібна до фігури в цілому. Приклади — снігова кристалик (одна грань кристала і весь кристал) або химерно порізана лінія берега.
tips	111	ruby	
tips	112	ctgr	Інше
tips	112	name	Губка Менгера
tips	112	note	"Приклад фрактальної структури. У кубі на всіх шести гранях роблять отвори так:
1. У центрі вирізають квадратний отвір площею 1/9 грані.
2. У центрі кожного з восьми квадратів, що оточують цей отвір, вирізають ще один отвір на 1/9.
3. І так до безкінечності.
Внаслідок цього площа поверхні зростає нескінченно, а об'єм прямує до нуля."
tips	112	ruby	
tips	113	ctgr	Інше
tips	113	name	Едісон
tips	113	note	Томас Едісон. Американський винахідник. Відомий тим, що створив фонограф, лампу розжарення та кінетограф — примітивну кінокамеру. Зробив також безліч інших винаходів у галузі електротехніки.
tips	113	ruby	
tips	114	ctgr	Інше
tips	114	name	Телепорт
tips	114	note	Або телепортація. Миттєве переміщення. Цілковито нехтуючи законами фізики, дає змогу вмить перенестися між двома віддаленими точками. У художніх творах зазвичай зображується як надздібність.
tips	114	ruby	
tips	115	ctgr	Інше
tips	115	name	Пояснювальна репліка
tips	115	note	Штучна, неприродна репліка, яку персонаж навряд чи сказав би сам, — автор вставляє її, щоб пояснити читачеві якесь поняття.
tips	115	ruby	
tips	116	ctgr	Інше
tips	116	name	Зомбі
tips	116	note	Спершу так у вуду називали «живого трупа», підвладного чаклунові. З 1930-х цей образ вигулькував у фільмах жахів, а з 1990-х перебрався у безліч відеоігор і кіно.
tips	116	ruby	
tips	117	ctgr	Інше
tips	117	name	Марціальні мистецтва
tips	117	note	Спочатку — англійський переклад японського слова «буґей». Позначає переважно східні бойові мистецтва та єдиноборства. У японських творах цей термін часто вживають помилково — як «особливу систему рукопашного бою, розроблену армією США для знешкодження ворожих солдатів і терористів».
tips	117	ruby	
tips	118	ctgr	Інше
tips	118	name	Норадреналін
tips	118	note	Один із нейромедіаторів, що виділяються в мозку. Правильна назва — «норепінефрин». Виділяється, зокрема, у стані гніву чи збудження.
tips	118	ruby	
tips	119	ctgr	Наука
tips	119	name	Квантова телепортація
tips	119	note	"Точна назва — «квантова телепортація». Жодного справжнього миттєвого переміщення тут немає. У 2004 році японські науковці вперше успішно провели «повний експеримент з квантової телепортації».
Припустімо, ми створили пару елементарних частинок-близнюків (тут — фотонів) A і B. Оскільки вони близнюки, вони симетричні: якщо один має спін угору, другий обов'язково має спін униз. Тобто, спостерігши A або B, ми автоматично знаємо стан другого, навіть не спостерігаючи його. Це називають заплутаністю.
Доки елементарну частинку (фотон) не спостерігають, її стан не визначений. Кілька станів накладаються один на одний, і до моменту спостереження «не вирішено», який саме стан має частинка.
Цим і користуються: у вимірювальному приладі заплутують фотон A з інформацією C, яку треба телепортувати. Спостереження цього сплетіння дає «AC», і хоч би як далеко був B, його стан визначається як «BC». (На цьому етапі B ще не спостерігали.) Далі від приладу, що спостерігав A, звичайним каналом зв'язку передають інформацію про фотон AC до приладу, що спостерігає B, — і після спостереження фотон B перетворюється на «фотон BC».
Оскільки інформація C фактично переміщується миттєво, це й назвали квантовою телепортацією. Але через обов'язковий етап «передачі інформації звичайним зв'язком» рух швидше за світло неможливий.
І ще: інформація C у кінцевому «переміщеному» фотоні BC насправді є копією тієї C, що містилася у фотоні AC, а місцеперебування оригінального фотона C лишається невідомим. Тож із справжнім миттєвим переміщенням це не те саме."
tips	119	ruby	
tips	11	ctgr	Мережа
tips	11	name	Супер Хака
tips	11	note	Хакер із неймовірними вміннями. Щоправда, за власними словами. Ще в суперечках на анонімних форумах часто зринає погроза на кшталт: «У мене друг — хакер із золотими руками, він тебе вмить розкриє». Ось із насмішки над такими заявами й пішло: «супер хака» — це той самий вкрай майстерний хакер, якого вочевидь не існує.
tips	11	ruby	
tips	120	ctgr	Мережа
tips	120	name	Той, хто всередині
tips	120	note	Найчастіше так називають актора озвучення, що грає персонажа в аніме тощо. Іноді — людину, яка веде акаунт компанії чи організації. Кажуть, що вислів походить від репліки з однієї манґи: «Немає ніякого «того, хто всередині»!»
tips	120	ruby	
tips	121	ctgr	Інше
tips	121	name	DOS
tips	121	note	Правильно — «MS-DOS». Побутова назва 16-бітної ОС (операційної системи) для ПК.
tips	121	ruby	
tips	122	ctgr	Гаджет Майбутнього
tips	122	name	ТелефоноХвильовка (робоча назва)
tips	122	note	Гаджет Майбутнього № 8. Мікрохвильова піч, якою можна керувати дистанційно з мобільного. Випадково набула здатності надсилати листи в минуле.
tips	122	ruby	
tips	123	ctgr	Акіба
tips	123	name	Санпо
tips	123	note	Ґюдонна забігайлівка в Акіхабарі.
tips	123	ruby	
tips	124	ctgr	Мережа
tips	124	name	Раджу-у
tips	124	note	Перекручене «раджу».
tips	124	ruby	
tips	125	ctgr	Мережа
tips	125	name	HTML
tips	125	note	«HyperText Markup Language». Мова для опису документів веб-сторінок. Дозволяє вставляти в документ зображення, звук, відео та гіперпосилання.
tips	125	ruby	
tips	126	ctgr	Мережа
tips	126	name	HTTP
tips	126	note	«HyperText Transfer Protocol». Протокол зв'язку, яким браузер і веб-сервер обмінюються даними — зокрема HTML.
tips	126	ruby	
tips	127	ctgr	Мережа
tips	127	name	World Wide Web
tips	127	note	Скорочено — «WWW», або просто «веб». Стандартна система документів, що використовується в інтернеті.
tips	127	ruby	
tips	128	ctgr	Мережа
tips	128	name	URL
tips	128	note	Uniform Resource Locator. Щось на кшталт адреси в інтернеті, яка вказує, де саме лежить ресурс.
tips	128	ruby	
tips	129	ctgr	Інше
tips	129	name	Сабґей
tips	129	note	Скорочення від «survival game». Гра, у якій стріляють одні в одних з пневматичної зброї, імітуючи сучасний бій. Зазвичай проводиться просто неба, десь у горах, а учасники вбираються в камуфляж, як справжні військові.
tips	129	ruby	
tips	12	ctgr	Мережа
tips	12	name	Логічно ж
tips	12	note	Скорочення від «логічно ж міркуючи». Мережевий сленг.
tips	12	ruby	
tips	130	ctgr	Мережа
tips	130	name	APL
tips	130	note	Скорочення від «A Programming Language». Мова програмування, що з'явилася 1964 року.
tips	130	ruby	
tips	131	ctgr	Мережа
tips	131	name	BASIC
tips	131	note	Скорочення від «Beginner's All purpose Symbolic Instruction Code». Мова програмування для початківців, дуже поширена у 1970-х.
tips	131	ruby	
tips	132	ctgr	Мережа
tips	132	name	plz
tips	132	note	Скорочення від «please» — «будь ласка».
tips	132	ruby	
tips	133	ctgr	Мережа
tips	133	name	AA
tips	133	note	Скорочення від ASCII-арт. На інтернет-форумах, як-от @чан, — малюнки, складені зі знаків. Бувають різні: від однорядкових каомодзі до складних багаторядкових фігур. Великі багаторядкові композиції одні майструють руками (таких звуть майстрами), а інші просто генерують спеціальними програмами.
tips	133	ruby	
tips	134	ctgr	Мережа
tips	134	name	на фулл серйозі
tips	134	note	Інтернет-сленг. Відповісти на чийсь пост цілком серйозно, без жартів і кривляння.
tips	134	ruby	
tips	135	ctgr	Інше
tips	135	name	Паралельний світ
tips	135	note	Інший світ, що існує паралельно нашому, в іншому просторі-часі. Має ту саму розмірність, що й наш, а іноді в ньому геть усе збігається — аж до людей та розташування речей.
tips	135	ruby	
tips	136	ctgr	Інше
tips	136	name	Землетрус у Шібуї
tips	136	note	6 листопада 2009 року, 22:28: у Шібуї стався локальний землетрус магнітудою 7,8 з максимальною інтенсивністю 7 балів. Катастрофа забрала 3851 життя, ще 30 927 людей отримали поранення.\nПри такому масштабі коливання зафіксували лише в частині Шібуї, а більше ніде жодних руйнувань не було. Через це в мережі шепочуться, що землетрус був штучний, справа людських рук.\nБезпосередньо перед ним Шібую сколихнула серія жорстоких убивств, відома як «Божевілля нового покоління». 25-річний чоловік, якого затримали як убивцю, загинув у тому самому землетрусі.
tips	136	ruby	
tips	137	ctgr	Інше
tips	137	name	Студентські протести
tips	137	note	У Японії — організований рух студентства, що набрав сили переважно в 1960–1970-х роках. Мета — змінити суспільний лад і поставити перед владою незручні питання. Поштовхом стали протести 1960 року проти перегляду японсько-американського договору безпеки. Згодом організації почали дробитися, ворогувати й радикалізуватися, тож до середини 1970-х рух утратив підтримку суспільства й затих.
tips	137	ruby	
tips	138	ctgr	Мережа
tips	138	name	Інтернет-правак
tips	138	note	Скорочення від «інтернет-правий». Люди з консервативними поглядами, які активні в мережі.
tips	138	ruby	
tips	139	ctgr	Інше
tips	139	name	Проблема 2000 року
tips	139	note	"Проблема, через яку старі комп'ютери могли почати працювати з помилками при настанні 2000 року.
Щоб зберегти пам'ять, старі системи майже завжди позначали рік двома останніми цифрами. Тому при переході з 1999-го на 2000-й ці цифри мали змінитися з 99 на 00. Якщо програма такого не передбачала, комп'ютер міг вирішити, що надворі 1900-й.
З приватною технікою ще півбіди, але якби збій стався в комп'ютерах життєзабезпечення, фінансів чи військової техніки, наслідки могли бути найгіршими. Тому з середини 1990-х по всьому світу вручну оновлювали всі програми.
Завдяки цим заходам проблема 2000 року так і лишилася марними страхами."
tips	139	ruby	
tips	13	ctgr	Отаку
tips	13	name	Одна манґа про теніс
tips	13	note	Шалено популярна манґа про теніс, що друкувалася в одному з найбільших за тиражем японських журналів шьонен-манґи, а згодом отримала й аніме-адаптацію. Особливо люблять її читачки. Хоч ідеться про теніс, персонажі виконують такі спеціальні прийоми, що це більше схоже на бійцівську манґу — так і склався цілком власний, неповторний світ.
tips	13	ruby	
tips	140	ctgr	Акіба
tips	140	name	Оден у банці
tips	140	note	Кілька видів начинки для одену в банці, схожій на бляшанку з соком. На початку 1990-х один магазин запчастин в Акіхабарі почав продавати його з автомата біля входу — і з часом це стало місцевою визначною стравою.
tips	140	ruby	
tips	141	ctgr	Інше
tips	141	name	SQL
tips	141	note	Structured Query Language. Мова для роботи з даними в базах даних.
tips	141	ruby	
tips	142	ctgr	Мережа
tips	142	name	Доктор Excite
tips	142	note	Народна назва сайту машинного перекладу.
tips	142	ruby	
tips	143	ctgr	Інше
tips	143	name	Синхронність
tips	143	note	"Значущий випадковий збіг — щось на кшталт передчуття. Одночасність. Коли те, що спало на думку, збігається з подією в реальності. Як принцип, що визначає настання події, вона протистоїть звичній «причинності»; звідси й друга назва — співчасність.
Коли дві події виявляють «схожість або близькість» у своєму «значенні чи образі», вони ніби випадають із звичного порядку простору й часу — це й називають дією синхронності.
Наприклад: «саме тоді, коли в кімнаті впала й розбилася ваза, в лікарні померла бабуся» або «щойно ми згадали когось у розмові, як він подзвонив». Таких випадків у світі не перелічити, і майже кожен хоч раз таке переживав — явище надзвичайно поширене.
Поняття запропонував швейцарський психолог-аналітик Карл Юнґ (1875–1961)."
tips	143	ruby	
tips	144	ctgr	Мережа
tips	144	name	Крекінг
tips	144	note	У комп'ютерній термінології — незаконний доступ до систем у мережі, підміна даних тощо. Часто плутають із хакінгом, але хакінг у первісному значенні — це дослідження та вивчення програмного забезпечення. Крекінг же — зловмисна, протиправна дія; і саме його зазвичай мають на увазі, коли в медіа кажуть «хакінг».
tips	144	ruby	
tips	145	ctgr	Мережа
tips	145	name	Автономний режим
tips	145	note	Стан, коли комп'ютер працює, не з'єднаний ні з іншими комп'ютерами, ні з мережею.
tips	145	ruby	
tips	146	ctgr	Інше
tips	146	name	IBN 5100
tips	146	note	"Перший портативний комп'ютер компанії IBN, випущений 1975 року. Монітор і клавіатура складали єдиний корпус, але при всій «портативності» важив він близько 25 кг.
У 2000-х Джон Тайтор розкрив існування особливої, не описаної в жодній інструкції мови програмування, яка працює лише на цій моделі, — і тодішні розробники IBN підтвердили, що це правда."
tips	146	ruby	
tips	147	ctgr	Восьмикласник
tips	147	name	Раґнарок
tips	147	note	У скандинавській міфології — остання війна богів. «Сутінки богів».
tips	147	ruby	
tips	148	ctgr	Інше
tips	148	name	Теорія змови
tips	148	note	"Уявлення, що якась могутня особа чи група, лишаючись у тіні, плете інтриги й нечесно керує світом із-за лаштунків.

Той, хто розповідає про змову, зазвичай переконаний, що саме він один помітив приховану правду. І навіть якщо для всіх навколо це звучить як цілковита нісенітниця, він упирається й вірить у це до кінця."
tips	148	ruby	
tips	149	ctgr	Інше
tips	149	name	«Машина часу» Веллса
tips	149	note	Роман англійського письменника Г. Дж. Веллса, опублікований 1895 року. Піонерський твір про подорожі в часі, який згодом не раз екранізували.
tips	149	ruby	
tips	14	ctgr	Мережа
tips	14	name	@чан
tips	14	note	Величезна анонімна дошка оголошень, одна з найвідвідуваніших у Японії. Гасло — «Від хакінгу до вечері», тож постять там усе: від андерґраундних тем до найбуденніших.
tips	14	ruby	
tips	150	ctgr	Інше
tips	150	name	Периферичні нерви
tips	150	note	"Нерви, що відгалужуються від центральної нервової системи (мозку й спинного мозку) і сіткою обплітають усе тіло.

Поділяються на три групи: рухові — керують рухами кінцівок; чутливі — передають у мозок зовнішні подразники (зір, дотик, слух); та вегетативні — відповідають за роботу внутрішніх органів, зокрема дихання й травлення."
tips	150	ruby	
tips	151	ctgr	Інше
tips	151	name	Термінальний режим
tips	151	note	Спосіб керувати програмою, у яку інакше не можна втрутитися, — під'єднавши до неї інший, зовнішній термінал через мережу.
tips	151	ruby	
tips	152	ctgr	Інше
tips	152	name	Кранчі-кун
tips	152	note	Марка морозива на палички. Знають його по всій країні, купити можна в будь-якому мінімаркеті. Окрім стандартного газованого смаку, випустили вже понад п'ятдесят різновидів — колу, виноград і всілякі акційні. Іноді на паличці написано «виграш»: із такою паличкою дають ще одне морозиво безкоштовно. Кажуть, шанси — близько 2\%.
tips	152	ruby	
tips	153	ctgr	Інше
tips	153	name	Мотель
tips	153	note	Слово, склеєне з motor (автомобіль) і hotel (готель). Виник у США як готель для тих, хто подорожує машиною. Стоять такі здебільшого біля магістралей на околицях, обов'язково мають парковку, а будівлі — низькі, на один-два поверхи.
tips	153	ruby	
tips	154	ctgr	Інше
tips	154	name	Подвійне значення
tips	154	note	Коли в одне слово чи вислів навмисно вкладають одразу два змісти.
tips	154	ruby	
tips	155	ctgr	Мережа
tips	155	name	JPG
tips	155	note	Joint Photographic Experts Group. Один із форматів стиснення зображень.
tips	155	ruby	
tips	156	ctgr	Восьмикласник
tips	156	name	Комітет 300
tips	156	note	"Загадкова таємна організація всього з 300 осіб, яка, за чутками, керує світом із тіні. «Незримі володарі».
Королівські родини, спецслужби, великі корпорації на чолі з банками, ба навіть ті таємні братства, що так люблять конспірологи, — усе це лише низові структури Комітету 300; кажуть, під його впливом майже всі компанії, поліція та науково-дослідні установи світу.
Однак саме його існування — не більше ніж чутка.
Кінцева мета Комітету 300, за однією з версій, — «Проєкт світової людської фермы», тобто побудова нового світового порядку.
Усіх, окрім вузької еліти, буде знищено, лишиться один мільярд — і цей мільярд триматимуть під управлінням володарів як рабів."
tips	156	ruby	
tips	157	ctgr	Мережа
tips	157	name	Ґуґлити
tips	157	note	Інтернет-сленг. Шукати щось в інтернеті.
tips	157	ruby	
tips	158	ctgr	Наука
tips	158	name	Колайдер
tips	158	note	"Експериментальна установка, що розганяє й зіштовхує різні заряджені частинки, аби вивчати реакції, які при цьому виникають. Від типу частинок залежать і назва, і будова апарата. Останніми роками майже всі високоенергетичні прискорювачі — синхротрони, тобто кільцеві.
Кільцевий прискорювач вимагає велетенської конструкції та величезних коштів на будівництво, зате дає найефективніші експерименти зі зіткнень.
Кільцева форма потрібна тому, що заряджені частинки, проходячи крізь електромагнітне поле, відхиляються від прямої силою Лоренца.
Серед головних синхротронів — окрім ВАК у SERN — установки в США, Великій Британії та Японії."
tips	158	ruby	
tips	159	ctgr	Восьмикласник
tips	159	name	Скриня Лейґ'ярн
tips	159	note	У скандинавській міфології — величезна скриня, у якій зберігається чарівний меч Леватейн; її стережуть дев'ять замків.
tips	159	ruby	
tips	15	ctgr	Мережа
tips	15	name	«Не дивись»
tips	15	note	Коли в мережі виникає фото, де людина чи тварина дивиться прямо в камеру, вставити цю шпильку — майже неписане правило.
tips	15	ruby	
tips	160	ctgr	Мережа
tips	160	name	МьюТьюб
tips	160	note	Правильно — «MewTube». Сервіс обміну відео в інтернеті, що належить американській компанії.
tips	160	ruby	
tips	161	ctgr	Мережа
tips	161	name	Те саме відео
tips	161	note	Відео, у якому засобами комп'ютерної графіки показано прогноз: маленька чорна діра, створена в експерименті на ВАК, поглинає всю Землю й нарешті знищує її. Його залили на МьюТьюб, і воно стало темою для розмов у всьому світі.
tips	161	ruby	
tips	162	ctgr	Отаку
tips	162	name	Антропоморфізм
tips	162	note	Перетворення будь-чого — тварин, предметів, ба навіть країн і хімічних елементів, будь-яких понять і явищ — на людських персонажів. Малюнок передбачається за замовчуванням.
tips	162	ruby	
tips	163	ctgr	Отаку
tips	163	name	Сцена перетворення
tips	163	note	Сцена перетворення в аніме про героїв-«хеншін» та дівчат-магів, а також її постановка. У телесеріалах таку сцену використовують майже щоразу, тому її створюють заздалегідь і окремо, з власним режисером анімації. Через це якість малюнка й постановки в ній зазвичай вища, ніж у самому епізоді.
tips	163	ruby	
tips	164	ctgr	Наука
tips	164	name	Горизонт подій
tips	164	note	"Інша назва — поверхня Шварцшильда. Це межа, за якою будь-яка передача інформації стає неможливою.
Інформацію переносять світло й електромагнітні хвилі. Але в центрі чорної діри потужна гравітація не випускає навіть світла. Саме ця межа і є горизонтом подій.
Усе, що відбувається за горизонтом подій, неможливо спостерігати ззовні. Оскільки жодне світло звідти не виривається, центр чорної діри виглядає геть чорним."
tips	164	ruby	
tips	165	ctgr	Наука
tips	165	name	Гола сингулярність
tips	165	note	"Сингулярність — це «місце, де гравітація стає безмежною». Зазвичай вона схована під горизонтом подій, тому спостерігати її ззовні неможливо.
Гола сингулярність — це стан, коли горизонт подій зникає і сингулярність стає «видимою» ззовні.
Втім, що взагалі означає та «безмежна гравітація» сингулярності, сучасна фізика (теорія відносності) пояснити не здатна."
tips	165	ruby	
tips	166	ctgr	Наука
tips	166	name	Чорна діра Керра
tips	166	note	Чорна діра, існування якої поки що лише передбачає теорія. Її особливість — сингулярність у центрі обертається. Через це обертання сингулярність, яка мала б бути точкою, набуває форми кільця.
tips	166	ruby	
tips	167	ctgr	Інше
tips	167	name	NASA
tips	167	note	Національне управління з аеронавтики й дослідження космічного простору (National Aeronautics and Space Administration). Державна установа США, що відповідає за космічну програму країни.
tips	167	ruby	
tips	168	ctgr	Восьмикласник
tips	168	name	Урд
tips	168	note	Найстарша з трьох сестер-норн (богинь долі) у скандинавській міфології. Сестри доглядають світове дерево Іґґдрасіль біля джерела Урд, що є в його коренів. Урд вважають богинею, яка володарює над минулим.
tips	168	ruby	
tips	169	ctgr	Мережа
tips	169	name	ФА
tips	169	note	Тут означає «фінальна відповідь». Вживається як уточнення: «Тобто це і є твій остаточний висновок, так?» Інтернет-сленг. Походить від популярного телевікторини, де за всі правильні відповіді дають десять мільйонів.
tips	169	ruby	
tips	16	ctgr	Отаку
tips	16	name	2D-дівчина
tips	16	note	Персонажка з аніме, гри чи манґи.
tips	16	ruby	
tips	170	ctgr	Інше
tips	170	name	Пеніцилін
tips	170	note	Перший у світі антибіотик. Відкритий 1929 року.
tips	170	ruby	
tips	171	ctgr	Інше
tips	171	name	Х-промені
tips	171	note	Електромагнітне випромінювання, відкрите Вільгельмом Рентгеном 1895 року. Різновид радіації; найвідоміше застосування — діагностичні знімки в медицині.
tips	171	ruby	
tips	172	ctgr	Інше
tips	172	name	Динаміт
tips	172	note	Вибухівка на основі нітроглицерину, винайдена Нобелем 1866 року.
tips	172	ruby	
tips	173	ctgr	Інше
tips	173	name	Ді-мейл
tips	173	note	"Скорочення від «Делоріан-мейл» — лист, який можна надіслати в минуле. Надсилається з мобільного телефона через Гаджет Майбутнього № 8, «ТелефоноХвильовку (робоча назва)».

Час призначення задається з точністю до години, але в надто близьке минуле лист не надішлеш. За один раз можна передати лише 36 байтів плюс дещиця."
tips	173	ruby	
tips	174	ctgr	Отаку
tips	174	name	Цундере
tips	174	note	Героїня, яка на людях колюча й задерикувата (цун), а наодинці розпливається від нежностей (дере). Щоправда, останніми роками це визначення стає все розмитішим.
tips	174	ruby	
tips	175	ctgr	Інше
tips	175	name	Теорія хаосу
tips	175	note	Теорія про те, що навіть коли щось описується дуже простим рівнянням, точно передбачити результат майже неможливо. Але це не означає, що результат випадковий: ідеться про те, що найдрібніша зміна на шляху до результату дає непропорційно великий розкид наслідків. До короткострокових прогнозів ця теорія не застосовується.
tips	175	ruby	
tips	176	ctgr	Інше
tips	176	name	Лоботомія
tips	176	note	Один із методів лікування психічних розладів хірургічним втручанням у мозок. У черепі роблять невеликий отвір і довгим скальпелем відсікають лобову частку. Були випадки, коли розлад справді вдавалося вилікувати, — за розробку методу навіть дали Нобелівську премію. Але водночас часто траплялися тяжкі психічні наслідки й утрата особистості через відсічення лобової частки. У 1970-х лоботомію заборонили в усьому світі.
tips	176	ruby	
tips	177	ctgr	Інше
tips	177	name	Лото-6
tips	177	note	Різновид лотереї: купуєш бланк із числами від 01 до 43 і обираєш шість із них. Якщо вони збігаються з номерами, які оголошують щотижня, — виграш.\nЯкщо переможця немає, призовий фонд переходить на наступний тиждень, тож сума виграшу щотижня різна.
tips	177	ruby	
tips	178	ctgr	Інше
tips	178	name	Лобова частка
tips	178	note	Одна з ділянок великого мозку, розташована в його передній частині. Відповідає за мислення, волю, поведінку, рухи й творчі здібності.\nЗа розташуванням лобову частку ділять на дрібніші зони: префронтальну кору, моторну та премоторну ділянки.
tips	178	ruby	
tips	179	ctgr	Інше
tips	179	name	Ефект метелика
tips	179	note	Поняття з теорії хаосу: «метелик махне крилами в Пекіні — у Нью-Йорку буде буря». Найдрібніша різниця в початкових умовах дає величезну різницю в результаті.\nТеорія хаосу стверджує, що навіть коли щось описується дуже простим рівнянням, точно передбачити результат майже неможливо. Але це не означає, що результат випадковий: найдрібніша зміна на шляху до результату дає непропорційно великий розкид наслідків. До короткострокових прогнозів ця теорія не застосовується.
tips	179	ruby	
tips	17	ctgr	Отаку
tips	17	name	Вайфу
tips	17	note	"Інтернет-сленг. Найулюбленіша 2D-персонажка отаку. Стать самого отаку й обраного персонажа не має жодного значення — вайфу є вайфу.
Кількість не обмежена, і мати кілька вайфу — річ доволі звична."
tips	17	ruby	
tips	180	ctgr	Інше
tips	180	name	Промивання мозку
tips	180	note	Насильницька переробка чужих поглядів і переконань.\nТиск чинять фізично (замкнення, погрози, побої, препарати) або психологічно (насаджування почуття вини, словесне насильство). Спосіб грубіший і жорсткіший за звичайний контроль свідомості.
tips	180	ruby	
tips	181	ctgr	Інше
tips	181	name	Гіпокамп
tips	181	note	Один з відділів мозку, що відповідає за пам'ять і просторову орієнтацію.
tips	181	ruby	
tips	182	ctgr	Акіба
tips	182	name	Рамен у банці
tips	182	note	Як і оден у банці, це рамен у тарі, схожій на бляшанку з соком, що продається в торгових автоматах. На відміну від звичайного рамену, локшину роблять з конняку.
tips	182	ruby	
tips	183	ctgr	Мережа
tips	183	name	Анзай-сенсей
tips	183	note	Тренер з однієї відомої манґи. У мережі, коли хочеться за щось ухопитися, пародіюють реплику з тієї манґи: «Анзай-сенсею, я хочу ____…». Ще одна часто цитована фраза, вже самого Анзая: «Якщо здатися — гра скінчилася».
tips	183	ruby	
tips	184	ctgr	Мережа
tips	184	name	Мейнстрімна Жінка
tips	184	note	Зневажливе слово про жінок, які біжать за модою або мислять так, що чоловікові того не збагнути. Пішло від жіночих журналів, де вишукані дорогі десерти стали називати «солоденьким», — і мережа підхопила це на глум. Щоправда, кажуть, найохочіше вживають цей вислів ті чоловіки, у яких з жінками не склалося.
tips	184	ruby	
tips	185	ctgr	Інше
tips	185	name	Декофон
tips	185	note	Оздоблений мобільний телефон — мода переважно серед молодих дівчат. Корпус обклеюють стразами чи кристалами Swarovski впритул, один до одного, щоб виходила суцільна блискуча поверхня.
tips	185	ruby	
tips	186	ctgr	Восьмикласник
tips	186	name	Містелтейн
tips	186	note	Легендарний меч зі скандинавської міфології, що постав із гілки омели. Саме він забрав життя невмирущого бога Бальдра й став початком останньої війни богів.
tips	186	ruby	
tips	187	ctgr	Отаку
tips	187	name	Юрі
tips	187	note	Любовні стосунки між жінками, а також твори, що їх зображують.
tips	187	ruby	
tips	188	ctgr	Акіба
tips	188	name	Лоуанглер
tips	188	note	У ті часи, коли Чюо-дорі в Акіхабарі на вихідні перетворювали на Рай Пішохода, різні косплеєрки та ідоли влаштовували просто на вулиці щось на кшталт фотосесій. Охочих прийти туди з камерою було чимало, і тих отаку, що на таких мініфотосесіях знімали дівчат із нижнього ракурсу, деякі називали «лоуанглерами».
tips	188	ruby	
tips	189	ctgr	Отаку
tips	189	name	Джапанімація
tips	189	note	Складене слово з «Джапан» і «анімація». За кордоном так позначали японську анімацію. Після 1990-х, коли аніме почало активніше виходити на світові ринки, слово трохи вживали й у самій Японії, але врешті воно так і не закріпилося.
tips	189	ruby	
tips	18	ctgr	Восьмикласник
tips	18	name	Синдром восьмикласника
tips	18	note	"Японською — «чюнібьо», дослівно «хвороба восьмого класу». Позначає особливий лад думок і поведінки, властивий передусім підліткам-хлопцям. Уживається також як кпин щодо тих, хто давно виріс, а поводиться все ще так само болісно-підлітково.
Прояви: показний нігілізм і цинізм, антисоціальність, фантазування, марення про власну винятковість і силу, а ще панічний страх, що тебе вважатимуть дитиною. Сам носій вважає, що це страшенно круто, — а дорослим це видається просто смішним.
Окрема підкатегорія — «Око зла»: коли людина щиро переконана, що має аніме-шну передісторію й здібності. Окарін, якщо строго, належить саме до цього різновиду."
tips	18	ruby	
tips	190	ctgr	Восьмикласник
tips	190	name	Акашік Рекордс
tips	190	note	Банк даних, у якому записано всі події цілого всесвіту — від минулого до майбутнього. Це сама колективна свідомість людства й пам'ять душі. Форму грамофонної платівки, звісно, не має.
tips	190	ruby	
tips	191	ctgr	Отаку
tips	191	name	Мінмей Шобо
tips	191	note	Вигадане видавництво з однієї манґи. Друкує переважно праці про бойові мистецтва (теж, ясна річ, вигадані). Якщо подати щось як «цитату з видання Мінмей Шобо», інформація починає виглядати цілком правдоподібно — ніби так і є насправді.
tips	191	ruby	
tips	192	ctgr	Інше
tips	192	name	Капсула часу
tips	192	note	Звичай, поширений у японських початкових школах. У велику капсулу складають, скажімо, листи до себе в майбутньому, закопують її в землю, а через десять-двадцять років відкопують. Щоправда, дожити до самого відкопування вдається не всім.
tips	192	ruby	
tips	193	ctgr	Інше
tips	193	name	Пейджер
tips	193	note	Система, що надсилає сигнал на малий приймач по радіохвилях, — а водночас і побутова назва самого приймача. У Японії послуга запрацювала близько 1968 року, а коли в 1990-х з'явилася можливість надсилати текст, пейджери вибухово поширилися, насамперед серед школярок. Та з appearance мобільних телефонів попит поступово згас, і 2007 року обслуговування припинили.
tips	193	ruby	
tips	194	ctgr	Восьмикласник
tips	194	name	Рівень чарівника
tips	194	note	Так називають хакерів надзвичайного хисту — тих, хто керує комп'ютером так вільно, ніби чарує. Жодних іспитів чи сертифікатів на це немає, тож визначення досить розмите.
tips	194	ruby	
tips	195	ctgr	Наука
tips	195	name	4-й вимір
tips	195	note	Тут ідеться про чотиривимірний простір-час: до трьох вимірів простору — ширини, висоти й глибини — додається час. Тривимірні істоти, як-от люди, можуть рухатися лише в просторі. Чотиривимірна істота рухалася б у часі так само легко, як ми — в повітрі.
tips	195	ruby	
tips	196	ctgr	Інше
tips	196	name	Закон Жане
tips	196	note	Погляд на плин часу, який запропонував психолог Жане. Чому з віком час здається швидшим? Для семирічного рік — це одна сьома всього життя, а для сімдесятирічного — лише одна сімдесята. Отже, суб'єктивна тривалість часу обернено пропорційна вікові.
tips	196	ruby	
tips	197	ctgr	Отаку
tips	197	name	Флаг
tips	197	note	Термін з комп'ютерних ігор. По суті це передвістя, але з відтінком «усім відомого шаблону». «Флаг чогось» означає перемикач, після якого це «щось» неминуче станеться. Найвідоміші приклади — дез флаг і флаг роману.
tips	197	ruby	
tips	198	ctgr	Наука
tips	198	name	Біла діра
tips	198	note	Протилежність чорної діри. Із чорної діри не вибирається ніщо, а біла, навпаки, викидає назовні все. Теоретично на її існування є натяки, але довести це неможливо, і жодної білої діри досі не спостерігали.
tips	198	ruby	
tips	199	ctgr	Інше
tips	199	name	Екза-
tips	199	note	10^18. За зростанням: кіло → мега → гіга → тера → пета → екза. Одна екза — це трильйон мега.
tips	199	ruby	
tips	19	ctgr	Мережа
tips	19	name	Дяк
tips	19	note	Мережевий сленг. Скорочене «дякую» / «спасибі за працю». Часто вживається іронічно — мовляв, «ну-ну, розказуй далі».
tips	19	ruby	
tips	1	ctgr	Інше
tips	1	name	Машина часу
tips	1	note	Машина, здатна перестрибувати час і подорожувати в минуле чи майбутнє. Сам процес називають подорожжю в часі, а того, хто подорожує за допомогою машини, — мандрівником у часі. З'являється в безлічі фантастичних фільмів, манґи й романів. Вигляд машини різниться від твору до твору: то транспортний засіб, то якийсь особливий пристрій — варіантів безліч.
tips	1	ruby	
tips	200	ctgr	Отаку
tips	200	name	Ешіі
tips	200	note	Ілюстратор, той, хто малює.
tips	200	ruby	
tips	201	ctgr	Отаку
tips	201	name	Ганбам
tips	201	note	Повна назва — «Мобільний звитяжець Ганбам». Наріжний камінь історії японського робо-аніме: перший сезон показували в другій половині 1970-х. З того часу продовження виходять і досі.
tips	201	ruby	
tips	202	ctgr	Отаку
tips	202	name	Бладчун
tips	202	note	Скорочення від «Bloodtune THE ANIMATION». Спершу була манґа, а минулого року в межах медіафраншизи вийшло аніме. Показали всі 26 епізодів, і воно неабияк зачепило фанатів: особливо героїня Сейра Орджель, фігурок якої наробили безліч.
tips	202	ruby	
tips	203	ctgr	Отаку
tips	203	name	Лейєр
tips	203	note	Скорочення від «косплеєр».
tips	203	ruby	
tips	204	ctgr	Інше
tips	204	name	Детективне агентство
tips	204	note	Фірма, що збирає інформацію про компанії та приватних осіб. Основна робота — перевірка надійності майбутнього подружжя чи ділових партнерів, а також стеження за невірними половинками.
tips	204	ruby	
tips	205	ctgr	Восьмикласник
tips	205	name	Ельдгрімнір
tips	205	note	Величезний казан із північної міфології, у якому готували їжу для богів.
tips	205	ruby	
tips	206	ctgr	Мережа
tips	206	name	Спам
tips	206	note	Спам. Листи, які надсилають одностороннім порядком, хоч отримувач їх не просив. Часто йдуть у справу шахраям і розповсюджувачам комп'ютерних вірусів, тож відкривати такі листи навмання не варто.
tips	206	ruby	
tips	207	ctgr	Мережа
tips	207	name	BBS
tips	207	note	Bulletin Board System — мережева дошка оголошень. Кожен відвідувач може вільно писати текст і читати чужі повідомлення. До цієї категорії належать не лише велетні як @чан, а й крихітні дошки на особистих сторінках, куди майже ніхто не заходить, або закриті дошки для працівників школи чи фірми.
tips	207	ruby	びーびーえす
tips	208	ctgr	Мережа
tips	208	name	Плюсадін
tips	208	note	Спотворене й скорочене «цілком погоджуюсь». Мережевий сленг.
tips	208	ruby	はげどう
tips	209	ctgr	Отаку
tips	209	name	Дез флаг
tips	209	note	Натяк на майбутню смерть; термін з комп'ютерних ігор. Класичний приклад: «Ось закінчиться ця війна — і я одружуся».
tips	209	ruby	しぼうふらぐ
tips	20	ctgr	Інше
tips	20	name	Альпака
tips	20	note	Ссавець, родич верблюда. Вага 50–55 кг, довжина тіла близько 2 метрів. Живе в Перу, Болівії та Чилі, а останнім часом їх чимало і в Америці та Новій Зеландії. На відміну від верблюда, горба не має, зате вся вкрита кошлатою шерстю. Через дивовижно довгу шию й миле обличчя має славу тварини «бридко-милої».
tips	20	ruby	
tips	210	ctgr	Інше
tips	210	name	Права root
tips	210	note	"Права адміністратора системи. З ними в системі можна робити майже будь-що.
Наприклад, дістатися до всіх файлів або змінити пароль будь-якого облікового запису."
tips	210	ruby	るーとけん
tips	211	ctgr	Інше
tips	211	name	Національні збори Франції
tips	211	note	Одна з палат французького парламенту. У Франції двопалатна система: Національні збори і Сенат.
tips	211	ruby	ふらんすのこくみんぎかい
tips	212	ctgr	Інше
tips	212	name	мс
tips	212	note	Мілісекунда. Одна мілісекунда — це 0,001 секунди.
tips	212	ruby	
tips	213	ctgr	Інше
tips	213	name	Магнетрон
tips	213	note	Різновид вакуумної лампи. Використовується в мікрохвильових печах і радарах. Генерує потужні мікрохвилі.
tips	213	ruby	
tips	214	ctgr	Наука
tips	214	name	Нейронаука
tips	214	note	Галузь, що вивчає мозок тварин. Її ще називають наукою про нервову систему. Мозок досліджують із багатьох боків: біологія, генетика, медицина, психологія, електроніка.
tips	214	ruby	
tips	215	ctgr	Мережа
tips	215	name	Mindorz
tips	215	note	Одна з операційних систем для комп'ютерів. Найпоширеніша у світі.
tips	215	ruby	
tips	216	ctgr	Мережа
tips	216	name	Дівчисько
tips	216	note	Дівчина. Зазвичай — про звабливу.
tips	216	ruby	
tips	217	ctgr	Восьмикласник
tips	217	name	Верданді
tips	217	note	Друга з трьох сестер-норн (богинь долі) у скандинавській міфології. Сестри доглядають світове дерево Іґґдрасіль, коріння якого лежить у джерелі Урд. Верданді відповідає за теперішнє. У Японії відома завдяки одній манзі про «богиню!».
tips	217	ruby	
tips	218	ctgr	Наука
tips	218	name	Нервовий імпульс
tips	218	note	Збудження, електричний сигнал, що біжить нервовими клітинами живого організму. Завдяки йому інформація швидко передається між тканинами.
tips	218	ruby	
tips	219	ctgr	Інше
tips	219	name	Скронева частка
tips	219	note	Одна з ділянок великого мозку, розташована з боків. Відповідає за розуміння мови, пам'ять і оцінку подій, контроль емоцій та слух. Через скроневу частку також іде доступ до гіпокампа в лімбічній системі.
tips	219	ruby	
tips	21	ctgr	Отаку
tips	21	name	Інтерактивна гра
tips	21	note	Гра, у систему якої вбудовано інтерактивність: вона розвивається так, ніби гравець справді веде діалог із персонажем.
tips	21	ruby	
tips	220	ctgr	Інше
tips	220	name	Парагіпокампальна звивина
tips	220	note	За пам'ять і просторове орієнтування в мозку відповідає гіпокамп. Парагіпокампальна звивина — ділянка, що його оточує. Вона обробляє просторову інформацію та відчуття «знайомості», а також відіграє ключову роль у кодуванні й пригадуванні спогадів.
tips	220	ruby	
tips	221	ctgr	Інше
tips	221	name	Нейрон
tips	221	note	Він же мозкова, або нервова, клітина. Клітина, спеціалізована на обробці інформації. Усередині неї біжить нервовий імпульс, передаючи найрізноманітніші дані, — по суті, це передавач.
tips	221	ruby	
tips	222	ctgr	Інше
tips	222	name	Інститут психофізіології
tips	222	note	"Один з інститутів у складі Університету Віктора Кондрії. Якщо «Інститут нейронаук» намагається розгадати механізми людської пам'яті й мислення через дослідження самої системи мозку, то «Інститут психофізіології» ближчий до медицини: він вивчає психічну діяльність людини та тілесні реакції, які вона спричиняє, аби прислужитися новим методам лікування.
Сфери досліджень найрізноманітніші: сприйняття, когнітивні функції, рефлекси, навчання, сон, алкогольна залежність, шизофренія тощо."
tips	222	ruby	
tips	223	ctgr	Інше
tips	223	name	ОС
tips	223	note	Операційна система (Operating System). Базове програмне забезпечення. Основна програма, що керує всією системою, якою спільно користуються інші програми.
tips	223	ruby	
tips	224	ctgr	Мережа
tips	224	name	VIP
tips	224	note	Одна з дощок @чану — «Термінові новини VIP». Попри назву, зараз там майже самі балачки.
tips	224	ruby	
tips	225	ctgr	Мережа
tips	225	name	Анкор
tips	225	note	Анкор. Посилання на конкретний номер повідомлення на форумі, зазвичай як відповідь. На @чані це робиться так: «>>номер». Згодом із цього виросли «ігри в анкор»: наперед указують номер повідомлення на 20–30 постів уперед і зобов'язуються виконати те, що там буде написано, — улюблена розвага VIP-борду. Навіть якщо там напишуть цілковиту дичину, той, хто це таки виконає, збирає загальні овації. Оце і є VIP-якість.
tips	225	ruby	
tips	226	ctgr	Мережа
tips	226	name	Нульпо
tips	226	note	Давній термін @чану. Народився на борді програмістів, а тепер уживається просто так, без жодного змісту. Якщо хтось написав «нульпо», хтось інший обов'язково має відповісти «ґа!» — таке негласне правило.
tips	226	ruby	
tips	227	ctgr	Мережа
tips	227	name	рофл
tips	227	note	Мережевий сленг. Означає «смішно», «я реготав». Але у вигляді «ха-ха, рофл» або «ага-ага, рофл-рофл» це вже глум, зневага чи спроба висміяти співрозмовника.
tips	227	ruby	
tips	228	ctgr	Наука
tips	228	name	Електричне поле
tips	228	note	Простір, у якому діє електрична сила. Наприклад, якщо потерти пластикову підкладку й піднести до голови, волосся стане дибки — це вплив поля, що виникло від статичної електрики.
tips	228	ruby	
tips	229	ctgr	Інше
tips	229	name	Гіпокамп, CA3
tips	229	note	За розміром і формою клітин гіпокамп поділяють на три ділянки: CA1, CA2 і CA3. CA походить від назви «Амонів ріг» (cornu ammonis), яку 1742 року дав гіпокампу анатом Гаранжо.
tips	229	ruby	
tips	22	ctgr	Мережа
tips	22	name	Офлайн-зустріч
tips	22	note	Коли люди, які познайомилися в чаті чи на анонімному форумі, збираються в одному місці й бачаться живцем.
tips	22	ruby	
tips	230	ctgr	Інше
tips	230	name	Декодування
tips	230	note	Повернення стиснутих або зашифрованих даних до початкового стану.
tips	230	ruby	
tips	231	ctgr	Мережа
tips	231	name	Вирізати й вставити
tips	231	note	Вирізати й вставити. Тобто перенести дані в інше місце.
tips	231	ruby	
tips	232	ctgr	Мережа
tips	232	name	Копіювати та вставити
tips	232	note	Скопіювати й вставити. Тобто зробити копію даних в іншому місці.
tips	232	ruby	
tips	233	ctgr	Наука
tips	233	name	Копенгагенська інтерпретація
tips	233	note	"Одне з тлумачень думкового експерименту з котом Шредінгера — не детерміністичне, як в Ейнштейна, а квантове.
Поки скриньку не відкрито, кіт перебуває в суперпозиції станів «живий» і «мертвий», і лише в мить спостереження хвильова функція колапсує в один із них.
Якщо після відкриття кіт живий, то заднім числом стає визначеним і факт «кіт був живий до відкриття скриньки»; якщо мертвий — навпаки, «кіт був мертвий до відкриття».
Інше квантове тлумачення — багатосвітова інтерпретація: там у суперпозиції перебувають самі спостерігачі, і в мить відкриття «спостерігач, що побачив живого кота» й «спостерігач, що побачив мертвого» розходяться по різних світах.
У сучасній квантовій теорії стандартною вважається саме копенгагенська інтерпретація."
tips	233	ruby	
tips	234	ctgr	Наука
tips	234	name	Хвильова функція
tips	234	note	У квантовій теорії — функція, що описує стан квантової системи. Швидкість такої хвилі перевищує швидкість світла. Чи існує вона насправді, чи це лише математична зручність — досі не встановлено.
tips	234	ruby	
tips	235	ctgr	Наука
tips	235	name	Сигнал низхідного пошуку пам'яті
tips	235	note	Нервові імпульси, які під час пригадування передаються в головному мозку від лобової частки до скроневої.
tips	235	ruby	
tips	236	ctgr	Інше
tips	236	name	Гайдеґер
tips	236	note	Мартін Гайдеґер. Німецький філософ. Найвідоміша праця — «Буття і час».
tips	236	ruby	
tips	237	ctgr	Інше
tips	237	name	Аямеїн
tips	237	note	Жіноча академія Аямеїн. Приватна школа для панянок у районі Кудансіта. Планка вступу висока, активно обмінюється учнями із закордонними школами.
tips	237	ruby	
tips	238	ctgr	Інше
tips	238	name	АК-47
tips	238	note	Автомат, розроблений російською (тоді ще радянською) армією в 1947 році. Згодом його прийняли на озброєння в багатьох країнах світу. Копій наробили безліч, і користуються ними не лише армії: ополчення, терористи, мафія та інші злочинні угруповання теж. Вважається найбільш масово виготовленою вогнепальною зброєю на Землі.
tips	238	ruby	
tips	239	ctgr	Інше
tips	239	name	Дежавю
tips	239	note	"Відчуття, що ти вже колись це переживав, хоча насправді нічого подібного не було.
Це не просто мана: відчуття супроводжується таким виразним переживанням «справжнього минулого досвіду», що списати його на сон чи забудькуватість не виходить. Але коли й де саме це «минуле» було, згадати, ясна річ, неможливо — звідси й гостре відчуття чогось неправильного.
Причину досі не з'ясовано.
За однією теорією, це фізіологічне явище, що виникає при рідкісному й тимчасовому розладі синхронізації між функціями «відновлення» та «упізнавання» пам'яті. За іншою — причиною є слабкі, схожі на судоми нападки в парагіпокампальній звивині мозку, яка відповідає за просторову обробку та відчуття «звичності»."
tips	239	ruby	
tips	23	ctgr	Восьмикласник
tips	23	name	Лабораторія Гаджетів Майбутнього
tips	23	note	"«Лабораторія» тільки на назву: насправді — студентський гурток дивакуватих винаходів. Його засновник Окабе Рінтаро називає це «базою для здійснення амбіції перекроїти структуру світового панування».
Від станції Акіхабара — по Чюо-дорі, на перехресті біля станції Суехірочьо повернути ліворуч на Курамаебаші-дорі. За крок до наступного світлофора — провулок, а в ньому стара офісна будівля Охіяма. Лабораторія — на другому поверсі."
tips	23	ruby	
tips	240	ctgr	Інше
tips	240	name	Букуро
tips	240	note	Ікебукуро.
tips	240	ruby	
tips	241	ctgr	Інше
tips	241	name	Кішімоджін
tips	241	note	Тут — храм Кішімоджіндо в Зошіґаї.
tips	241	ruby	
tips	242	ctgr	Інше
tips	242	name	Старбекс
tips	242	note	«Старбекс». Мережа кав'ярень.
tips	242	ruby	
tips	243	ctgr	Мережа
tips	243	name	ДКН
tips	243	note	Докун. Антисоціальний тип. Людина без клепки в голові.
tips	243	ruby	
tips	244	ctgr	Мережа
tips	244	name	Загребли
tips	244	note	Тобто «арештували».
tips	244	ruby	
tips	245	ctgr	Наука
tips	245	name	Гіпотеза захисту хронології
tips	245	note	Висунута Стівеном Гокінґом гіпотеза квантової механіки, за якою подорож у часі неможлива. Будь-яку спробу перемістити в часі зруйнують квантові ефекти. Щоб усе-таки її здійснити, потрібна нескінченна «енергія поля», а нескінченну енергію добути неможливо. Інакше кажучи, причинність — а отже, і порядок часу — захищена на квантовому рівні.
tips	245	ruby	
tips	246	ctgr	Інше
tips	246	name	Опір
tips	246	note	Неформальна збройна боротьба проти уряду чи іншої влади, а також ті, хто в ній бере участь. Від тероризму це відділяє дуже тонка межа.
tips	246	ruby	
tips	247	ctgr	Інше
tips	247	name	Детермінізм
tips	247	note	"Погляд, за яким кожна подія визначена виключно попередніми подіями. Якщо мислити причинно, майбутнє «вже» визначене теперішнім, а теперішнє «вже» визначене минулим. Тобто навіть якщо здається, що людина щомиті сама обирає, як діяти, насправді вона лише повторює наперед визначений шлях.
Як приклад тут зазвичай наводять уявний експеримент «демон Лапласа»: той, хто знає рух і положення всіх частинок у Всесвіті від минулого до нинішньої миті, здатен повністю передбачити майбутнє."
tips	247	ruby	
tips	248	ctgr	Восьмикласник
tips	248	name	ECHELON
tips	248	note	"Назва глобальної системи перехоплення зв'язку, яку, за однією з теорій змови, побудовано з військовою метою на чолі зі США. Кажуть, що керує нею Агентство національної безпеки США (NSA).
Проте американські органи ніколи публічно не визнавали існування ECHELON, і доказів цього теж не знайдено.
Країни-учасниці — США, Велика Британія, Канада, Австралія й Нова Зеландія; Франції серед них немає. Японія має статус «третьої сторони»: в обмін на розміщення станції перехоплення на своїй території вона отримує доступ до даних. Ходять чутки, що японський ECHELON — це так званий «слоновий загін» антен на авіабазі Місава в префектурі Аоморі.
Перехоплюють там усе підряд: від військових радіоканалів до сигналів звичайних мобільних телефонів — і всю цю інформацію накопичують та аналізують."
tips	248	ruby	
tips	249	ctgr	Інше
tips	249	name	Світова лінія
tips	249	note	Позначає незліченні можливі світи, але вони не існують одночасно, як паралельні: світова лінія завжди лише одна. На ній усі події, від минулого до майбутнього, вже визначені. Тому як би сильно ти не змінював минуле в межах однієї лінії, усе збігатиметься до того самого результату.
tips	249	ruby	
tips	24	ctgr	Восьмикласник
tips	24	name	Лаба
tips	24	note	Скорочена назва «Лабораторії Гаджетів Майбутнього».
tips	24	ruby	
tips	250	ctgr	Інше
tips	250	name	Поле атрактора
tips	250	note	"Область збіжності світових ліній. Детерміністичне тлумачення, яке до 2036 року стало основним, замінивши в квантовій теорії і багатосвітову, і копенгагенську інтерпретації.
Поле атрактора — це сукупність світових ліній, тобто «розгалуження світу» більшого масштабу, ніж окрема лінія. Поле атрактора — саме «область»: усі світові лінії, що входять у неї, врешті сходяться до одного результату.
Розгалуження подій на рівні полів атрактора називають «великим розгалуженням світових ліній»; до 2010 року таким був 2000-й."
tips	250	ruby	
tips	251	ctgr	Мережа
tips	251	name	Ніко-задрот
tips	251	note	Ті, хто не вилазить із великого відеосайту «Ніконія Douga». Вживається переважно мешканцями @чану як зневажливе слівце для користувачів «Ніконії».
tips	251	ruby	にこちゅう
tips	252	ctgr	Мережа
tips	252	name	Чарівник
tips	252	note	Мережева міська легенда: хто дожив до тридцяти й лишився цнотливим, стає чарівником. Кажуть, що за подальшої наполегливої практики можна дослужитися й до феї.
tips	252	ruby	まほうつかい
tips	253	ctgr	Інше
tips	253	name	Ефект плацебо
tips	253	note	Плацебо — те, що виглядає як ліки, але жодної лікувальної дії не має. Якщо переконати пацієнта, що це ліки, і дати випити, він отримує психологічний спокій. І хоч жодної дії там немає, бувають випадки, коли стан хворого справді покращується.
tips	253	ruby	ぷらしーぼこうか
tips	254	ctgr	Мережа
tips	254	name	плз
tips	254	note	Мережевий сленг, перекручене «будь ласка». Останнім часом уже майже мертве слово.
tips	254	ruby	
tips	255	ctgr	Інше
tips	255	name	Великий Цар Жаху
tips	255	note	"Пророцтво астролога XVI століття Нострадамуса: «У сьомому місяці 1999 року з неба зійде Великий Цар Жаху». Це витлумачили як передвістя загибелі людства, і в Японії 1990-х зчинився справжній бум — телешоу регулярно робили про це цілі випуски.
У підсумку 2000 рік настав без жодних пригод, і бум стих сам собою."
tips	255	ruby	きょうふのだいおう
tips	256	ctgr	Інше
tips	256	name	Біг Сайт
tips	256	note	Народна назва Токійського міжнародного виставкового центру в районі Кото. Саме там відбуваються масштабні заходи на кшталт КоміМи.
tips	256	ruby	
tips	257	ctgr	Інше
tips	257	name	Стрічка Мебіуса
tips	257	note	Кільце, яке утворюється, якщо перекрутити один кінець смужки на 180 градусів і склеїти з другим. Так виходить поверхня, у якої немає ні лиця, ні вивороту. Відкрив її німецький математик Мебіус.
tips	257	ruby	めびうすのわ
tips	258	ctgr	Інше
tips	258	name	ООПАрт
tips	258	note	Out-of-place artifacts — «недоречні артефакти». Так називають рукотворні предмети, знайдені в руїнах чи прадавніх шарах ґрунту, які за тодішніх технологій виготовити було неможливо. Найвідоміші приклади — «кришталеві черепи» та Антикітерський механізм.
tips	258	ruby	
tips	259	ctgr	Мережа
tips	259	name	Кому воно треба
tips	259	note	Скорочення від «та кому з цього яка користь?». Уживається зневажливо. Мережевий сленг.
tips	259	ruby	だれとく
tips	25	ctgr	Восьмикласник
tips	25	name	Лаборант
tips	25	note	Скорочення від «член лабораторії». Так називають офіційного учасника «Лабораторії Гаджетів Майбутнього»; той, хто став лаборантом, відтоді має право вільно заходити до лаби. Кожному лаборантові присвоюють номер за порядком вступу.
tips	25	ruby	
tips	260	ctgr	Мережа
tips	260	name	Пиг'я
tips	260	note	Мережевий сленг для приниження співрозмовника. Іде в парі з каомодзі, що тицяє пальцем і глузливо регоче.
tips	260	ruby	
tips	261	ctgr	Отаку
tips	261	name	Стенд
tips	261	note	Вигадана надздібність із однієї манґи про вельми дивні пригоди. Того, хто володіє стендом, називають «користувачем стенда».
tips	261	ruby	
tips	262	ctgr	Інше
tips	262	name	Чеширський Кіт
tips	262	note	Вигаданий кіт із вічною усмішкою з «Аліси в Країні Див» Льюїса Керрола.
tips	262	ruby	
tips	263	ctgr	Інше
tips	263	name	Пилова детонація
tips	263	note	Вибух, що стається, коли в повітрі накопичується горючий пил у достатній концентрації, а іскра чи щось подібне його підпалює. Чи справді дійде до вибуху, залежить від типу й кількості пилу та від вмісту кисню в повітрі.
tips	263	ruby	
tips	264	ctgr	Мережа
tips	264	name	Ріа-дзю
tips	264	note	Люди, чиє життя в реальному світі яскраве й повноцінне. Ознаки: багато друзів, є хлопець чи дівчина, активність у гуртках, регулярні тусовки, цілковита байдужість до 2D і поїздки за кордон на літніх канікулах.
tips	264	ruby	
tips	265	ctgr	Мережа
tips	265	name	ктбдт
tips	265	note	Скорочення від «хто тебе просив дотепувати». Мережевий сленг — жартівливий укол тому, хто раптом сказав щось смішне.
tips	265	ruby	
tips	266	ctgr	Восьмикласник
tips	266	name	Братство Розенкрейцерів
tips	266	note	Таємне товариство, засноване на початку XVII століття в Німеччині Християном Розенкрейцем. Розенкрейц нібито володів алхімією та магією, ось тільки саме його існування під великим сумнівом.
tips	266	ruby	
tips	267	ctgr	Восьмикласник
tips	267	name	Алхімія
tips	267	note	У фікції та теоріях змови — мистецтво перетворювати одну річ на іншу, використовуючи за матеріал будь-яку речовину, а то й людське тіло та душу. Обов'язковий закон — рівноцінний обмін. Справжні ж середньовічні алхіміки Європи хімічними методами намагалися добути дорогоцінні метали. Їхні напрацювання успадкувала сучасна хімія.
tips	267	ruby	
tips	268	ctgr	Мережа
tips	268	name	Три рядки для тих, хто щойно зайшов
tips	268	note	Термін @чану. У бурхливому треді хтось, хто долучився із запізненням, просить: «Я тільки зайшов і ні фіга не доганяю, стисніть мені суть у три рядки, будь ласка?» — звідси й скорочення.
tips	268	ruby	
tips	269	ctgr	Наука
tips	269	name	Ісаак Ньютон
tips	269	note	Англійський науковець XVII століття. Має безліч заслуг: відкрив всесвітнє тяготіння, а також розробив методи диференціального та інтегрального числення.
tips	269	ruby	
tips	26	ctgr	Акіба
tips	26	name	UPX
tips	26	note	Бізнес-центр «Акіхабара UPX». Читається «ю-пі-екс».
tips	26	ruby	
tips	270	ctgr	Отаку
tips	270	name	Міко Міко Овердрайв
tips	270	note	Аніме про перетворення красунь, головні героїні — п'ятеро дівчат-міко. Цільова аудиторія — школярки молодших класів, а зовсім не чоловіки від сімнадцяти до двадцяти з гаком.
tips	270	ruby	
tips	271	ctgr	Мережа
tips	271	name	Сєкс
tips	271	note	Секс.
tips	271	ruby	
tips	272	ctgr	Акіба
tips	272	name	Збройова Крамниця
tips	272	note	Одна з кількох крамниць в Акіхабарі, де продають репліки зброї. З-поміж товару — японські мечі доби Сенґоку, європейські середньовічні мечі, ба навіть лицарські доспіхи.
tips	272	ruby	ぶきやほんぽ
tips	273	ctgr	Мережа
tips	273	name	Кусень не лізе
tips	273	note	Приблизно з 2008 року на @чані та в Ніконія-Відео разом з ASCII-артом пішло в народ слівце «кусень смакує», тобто «від чужого горя мені сьогодні добре їсться!». Від нього утворилося й протилежне — «кусень не лізе»: коли з іншим усе гаразд або він аж надто щасливий, і тобі від того їжа в горло не йде.
tips	273	ruby	
tips	274	ctgr	Інше
tips	274	name	Ацетилхолін
tips	274	note	Один із нейромедіаторів. Коли тварина щось запам'ятовує або вчиться, концентрація ацетилхоліну в гіпокампі зростає.
tips	274	ruby	
tips	275	ctgr	Інше
tips	275	name	Раундер
tips	275	note	"Неофіційна дочірня структура SERN. Формально — окрема організація, що начебто провадить технічні дослідження. Діє по всьому світу, кількість членів невідома.

Ії справжня мета — вилучення IBN 5100: лише ці машини можуть зламати приховану базу даних SERN. А ще — придушувати будь-які дослідження машини часу, що починають давати результат, і силою тягнути науковців до SERN на «співпрацю».

По суті, це збіговисько найманців, готових за потреби вдатися до сили. Рядові виконавці нерідко працюють так, що ніколи в житті не бачать в очі інших членів організації."
tips	275	ruby	
tips	276	ctgr	Інше
tips	276	name	Щось на кшталт лома
tips	276	note	Вислів, яким користуються, коли за слідами злочину видно, що знаряддям був лом, але сам лом ніхто не знайшов і не підтвердив. Саме так формулює поліція у своїх заявах — а преса потім переписує це слово в слово.
tips	276	ruby	
tips	277	ctgr	Наука
tips	277	name	Фердинанд Браун
tips	277	note	Карл Фердинанд Браун (Karl Ferdinand Braun). Народився 1850 року, помер 1918-го. Німець. Лауреат Нобелівської премії з фізики 1909 року. Винахідник електронно-променевої трубки — тієї самої «трубки Брауна».
tips	277	ruby	
tips	278	ctgr	Отаку
tips	278	name	Ранобе
tips	278	note	Лайт-новела. Романи, розраховані передусім на хлопців-підлітків. Обкладинок і вставних ілюстрацій із симпатичними дівчатами тут значно більше, ніж у звичайній прозі. За змістом — від фантастики до фентезі, але останніми роками все більшає історій про школяра, який зустрічає красуню-однолітку і вскакує в якусь геть непобутову халепу.
tips	278	ruby	
tips	279	ctgr	Інше
tips	279	name	Європол
tips	279	note	European Police Office. Європейська поліцейська служба, заснована 1999 року. Спеціальний орган, що обмінюється інформацією з поліцією різних країн, координує і підтримує їхню роботу — щоб боротися з тяжкою міжнародною злочинністю в Європі.
tips	279	ruby	
tips	27	ctgr	Інше
tips	27	name	Dk Pepper
tips	27	note	Газований напій із вельми своєрідним смаком.
tips	27	ruby	
tips	280	ctgr	Інше
tips	280	name	Світлошумова граната
tips	280	note	Вона ж флешбенг. Несмертельна зброя, яку застосовують здебільшого в приміщеннях. Спрацьовуючи, дає потужний спалах і оглушливий гуркіт, і всі, хто в радіусі дії, впадають у шок.
tips	280	ruby	
tips	281	ctgr	Інше
tips	281	name	Перука
tips	281	note	Штучне волосся. Так найчастіше називають накладки — модні або медичні.
tips	281	ruby	
tips	282	ctgr	Інше
tips	282	name	Кебаб
tips	282	note	Одна зі страв турецької кухні. Тут ідеться про дьонер-кебаб. З великого обертового рожна зрізають тонкі скибки м'яса і подають їх у лаваші разом з овочами.
tips	282	ruby	
tips	283	ctgr	Інше
tips	283	name	Овсянка
tips	283	note	Схожа на кашу крупяна страва, популярна у США. Зазвичай подається на сніданок.
tips	283	ruby	
tips	284	ctgr	Інше
tips	284	name	Швацький набір
tips	284	note	Набір. Для шиття.
tips	284	ruby	
tips	285	ctgr	Мережа
tips	285	name	Нюх-нюх
tips	285	note	Жартівливе звуконаслідування — так передають, як хтось принюхується. Підсилена форма звичайного «нюх-нюх», трапляється і в коміксах, і в мережі. Особливо полюбляють її збочені джентльмени, коли треба пояснити, з яким саме натхненням вони обнюхують свою ціль. Походження точно невідоме, але вже на початку 1980-х це слівце зустрічається в популярних коміксах.
tips	285	ruby	
tips	286	ctgr	Інше
tips	286	name	АКТГ
tips	286	note	Адренокортикотропний гормон. Виділяється у відповідь на стрес.
tips	286	ruby	
tips	287	ctgr	Наука
tips	287	name	Поглиблене повторення
tips	287	note	У психології — процес переведення інформації з короткочасної пам'яті в довготривалу. Для цього тому, що треба запам'ятати, надають значення або пов'язують його з іншими, вже знайомими спогадами.
tips	287	ruby	
tips	288	ctgr	Мережа
tips	288	name	Чіт
tips	288	note	"Термін із комп'ютерних ігор. Дослівно — «шахраювати». Спершу так називали самовільну зміну ігрових даних за допомогою зламу чи сторонніх програм.

Останнім часом чимало ігор мають чіт-режим, вбудований самими розробниками. Так звані «приховані команди» — теж різновид чіту."
tips	288	ruby	
tips	289	ctgr	Восьмикласник
tips	289	name	Скульд
tips	289	note	Молодша з трьох сестер-норн (богинь долі) у скандинавській міфології. Сестри доглядають світове дерево Іґґдрасіль, чиє коріння сягає джерела Урд. Скульд відповідає за майбутнє. Водночас вона одна з валькірій.
tips	289	ruby	
tips	28	ctgr	Інше
tips	28	name	Мікрохвильова піч
tips	28	note	"Побутовий прилад, що розігріває продукти з умістом води електромагнітними хвилями (мікрохвилями).
Спочатку її називали «радар-піч». Радар — це, власне, ті самі електромагнітні хвилі.
Все почалося з того, що інженер-радист випадково виявив: електромагнітні хвилі здатні нагрівати їжу. Дослідження тривали, і 1947 року в Америці піч надійшла у вільний продаж як побутова техніка.
Частота випромінювання — 2,45 ГГц, потужність побутових моделей — 500–1000 Вт, промислових — 1500–2000 Вт. Це особлива смуга частот, так званий ISM-діапазон, який використовують і бездротові мережі Wi-Fi."
tips	28	ruby	
tips	29	ctgr	Інше
tips	29	name	Серендипність
tips	29	note	«Serendipity». Хист натрапити на щось цінне зовсім не там, де шукав відповіді. Мікрохвильова піч теж народилася завдяки серендипності.
tips	29	ruby	
tips	2	ctgr	Восьмикласник
tips	2	name	Істинне ім'я
tips	2	note	Ім'я, що виражає саму суть існування. Ім'я душі.
tips	2	ruby	
tips	30	ctgr	Гаджет Майбутнього
tips	30	name	Пістолет Бітових Частинок
tips	30	note	Гаджет Майбутнього № 1. Перший славетний винахід лабораторії — іграшковий бластер, у який силоміць запхали телевізійний пульт. Наводиш на телевізор, тиснеш на гачок — і канали перемикаються, наче ти стріляєш. Щоправда, працює лише кнопка «наступний канал»: ані гучність, ані решта не піддаються. Вмикати й вимикати телевізор доводиться руками, на самому апараті. Назва — данина шедевру японської робо-анімації, «Мобільний Воїн Ганбам».
tips	30	ruby	
tips	31	ctgr	Гаджет Майбутнього
tips	31	name	Бамбукова Гелікамера
tips	31	note	Гаджет Майбутнього № 2. CCD-камера у вигляді бамбукової вертушки. Камеру вбудовано в стрижень вертушки, тож знімати з повітря можна без жодного двигуна. Щоправда, зображення шалено обертається, і якщо довго дивитися, може закрутитися голова й підступити нудота. Назва — від фантастичної манґи «22 Емон».
tips	31	ruby	
tips	32	ctgr	Гаджет Майбутнього
tips	32	name	Чи Може Це Бути Ора Ора?!
tips	32	note	Гаджет Майбутнього № 3. Детектор брехні, що робить висновок за тим, як пітніє великий палець. Можливо, правильніше було б назвати його детектором поту, але навіть так — визнайте, що винахід достоту чудовий. Назва — відсилка до манґи культової слави «Дивакуватий похід ДжуДжу».
tips	32	ruby	
tips	33	ctgr	Гаджет Майбутнього
tips	33	name	Моад Снейк
tips	33	note	Гаджет Майбутнього № 4. Наднадшвидкий зволожувач повітря. Купа води кипить на численних електронагрівальних спіралях і викидає шалену кількість пари. Працює лише кілька секунд, зате зволожує кімнату вмить. Розрахований на шість татамі. Виглядає точнісінько як міна «Клеймор» — і саме цим тішить серця мілітарі-отаку. Назва — від стелс-екшену «Metal Moa Solid: Rising».
tips	33	ruby	
tips	34	ctgr	Гаджет Майбутнього
tips	34	name	Я Знову Приєднав Щось Нікчемне, від Ґоемона
tips	34	note	Гаджет Майбутнього № 5. Фен, зрощений із пилососом, — винахід, про який можна тільки мріяти. Вихлоп пилососа одночасно приводить у дію фен. Назва — від аніме про злодія-джентльмена «Люпанц III».
tips	34	ruby	
tips	35	ctgr	Гаджет Майбутнього
tips	35	name	Шабля Cyalume
tips	35	note	Гаджет Майбутнього № 6. Червона хімічна світлова палиця з приробленим держаком, тож тримати її можна як меч. Утілено геніальну ідею, до якої більше ніхто не додумався: змусити світитися бутафорську кров. Лабораторія Гаджетів Майбутнього здатна винаходити не лише апаратуру, а й дещо з царини хімії! Назва — від голлівудської science fiction-епопеї «Spark Wars».
tips	35	ruby	
tips	36	ctgr	Гаджет Майбутнього
tips	36	name	Камуфляжна Куля-Привид
tips	36	note	"Гаджет Майбутнього № 7.
Близько дванадцяти вживаних 6-дюймових ЕПТ-телевізорів розставлено екранами назовні так, що вони утворюють сферу. Проміжки між ними заповнено кількома мікроскопічними C-MOS-камерами. Кожна камера дивиться назовні під прямим кутом до того монітора, який їй відповідає на протилежному боці сфери. Так, застосувавши технологію оптичного камуфляжу, вдалося отримати сферу, схожу на полігональну модель. Наразі це, без сумніву, найкращий із завершених Гаджетів Майбутнього — от лише громіздкий настільки, що зберігати його просто нема де.
Назва — від фантастичної манґи «Привид у шкаралупі», за якою зняли й аніме."
tips	36	ruby	
tips	37	ctgr	Наука
tips	37	name	Правило Хунда
tips	37	note	Правило, за яким електрони розподіляються в атомі. Коли є кілька орбіталей однакової енергії, електрони заповнюють їх по одному, зберігаючи паралельні спіни, і лише потім починають утворювати пари.
tips	37	ruby	
tips	38	ctgr	Акіба
tips	38	name	ATF
tips	38	note	Скорочення від «Akihabara Techno Forum». Конференц-зала в будівлі Дайбуру. Кілька університетів і науково-дослідних установ час від часу проводять тут спеціальні семінари та симпозіуми.
tips	38	ruby	
tips	39	ctgr	Акіба
tips	39	name	Дайбуру
tips	39	note	Хмарочос із офісами та торговим центром, відкритий у 2003 році, як і UPX. Дайбуру — той, що вищий і вужчий. З UPX з'єднаний надземним переходом.
tips	39	ruby	
tips	3	ctgr	Акіба
tips	3	name	Радікан
tips	3	note	Акіхабарський Радіо-Кайкан. Восьмиповерхова будівля з орендарями просто перед станцією Акіхабара. Усередині — крамниці комп'ютерів, хобі-магазини й таке інше. На сьомому поверсі встановлено табличку: «Місце народження персонального комп'ютера».
tips	3	ruby	
tips	40	ctgr	Отаку
tips	40	name	Луїза-чан
tips	40	note	Головна героїня аніме «Фамільяр десятки». Цундере. Озвучує її Суґімія Ріе — королева цундере (на прізвисько Суґю).
tips	40	ruby	
tips	41	ctgr	Мережа
tips	41	name	Кітаколе
tips	41	note	Мережевий сленг: вигук захоплення, коли все складається саме так, як хотілося. Іноді скорочують до «кткр».
tips	41	ruby	
tips	42	ctgr	Інше
tips	42	name	Токійський електротехнічний університет
tips	42	note	Університет у токійському районі Канда, заснований 1949 року на базі «Електротехнічної школи» 1907 року. Займається розвитком науки й техніки, виховуючи науковців та інженерів. Девіз засновників — «шана практичній науці», принцип освіти й досліджень — «техніка — це люди». Через розташування кампусу тісно пов'язаний із розвитком електричного кварталу Акіхабари.
tips	42	ruby	
tips	43	ctgr	Наука
tips	43	name	Ейнштейн
tips	43	note	Альберт Ейнштейн (Albert Einstein). Народився 1879 року, помер 1955-го. Німецький єврей. Його називають «батьком сучасної фізики»: спеціальна й загальна теорії відносності та безліч інших здобутків. 1921 року отримав Нобелівську премію з фізики.
tips	43	ruby	
tips	44	ctgr	Наука
tips	44	name	Теорія відносності
tips	44	note	"Теорією відносності називають разом дві праці фізика Ейнштейна: спеціальну теорію відносності (1905) і загальну теорію відносності (1916). Найвідоміша її формула — «E=mc^2».
Спеціальна теорія відносності стверджує таке.
«Тіло не може перевищити швидкість світла». «Чим ближче швидкість руху до світлової, тим повільніше тече час. На швидкості світла час зупиняється». «Чим ближче швидкість руху до світлової, тим більше скорочується довжина. На швидкості світла довжина стає нульовою». «Чим ближче швидкість руху до світлової, тим більшою стає маса тіла. На швидкості світла маса стає безмежною».
Загальна теорія відносності додає до цього таке.
«У сильному гравітаційному полі час тече повільніше». «У сильному гравітаційному полі простір скорочується». «У сильному гравітаційному полі маса зростає»."
tips	44	ruby	
tips	45	ctgr	Наука
tips	45	name	Елементарна частинка
tips	45	note	Найменша одиниця, з якої складається матерія. Щоправда, чіткого визначення не існує. Частинку, парну до певної елементарної частинки, але з протилежним зарядом, називають античастинкою.
tips	45	ruby	
tips	46	ctgr	Наука
tips	46	name	Теорія суперструн
tips	46	note	"Фізична гіпотеза, за якою найглибша основа матерії має вигляд «струн», а їхні коливання дають різні стани — тому ми й бачимо кілька десятків видів елементарних частинок. Ця теорія виходить з того, що Всесвіт має 11 вимірів, але довести це експериментально вважають неможливим, тож вона й досі лишається гіпотезою.
А проте кажуть, що коли її таки доведуть, вона зможе пояснити геть усе: від макрорівня — будови Всесвіту й загадки його народження — до мікрорівня, тобто елементарних частинок і кварків."
tips	46	ruby	
tips	47	ctgr	Інше
tips	47	name	1.21 джиґавата
tips	47	note	Походить із трилогії голлівудських фільмів 1980-х про машину часу й часові парадокси. У першій частині винахідник — «доктор» — каже, що машині часу у вигляді автомобіля для подорожі потрібно «1.21 джиґавата» енергії. Насправді одиниці «джиґават» не існує: сценарист зробив орфографічну помилку, а в японських субтитрах її ще й переклали як є. Правильно — гігават.
tips	47	ruby	
tips	48	ctgr	Інше
tips	48	name	ЛА
tips	48	note	Лос-Анджелес. Місто на західному узбережжі США, у штаті Каліфорнія.
tips	48	ruby	
tips	49	ctgr	Наука
tips	49	name	Ефект Урасіми
tips	49	note	Явище, що випливає з відомого факту теорії відносності: «чим ближче швидкість до світлової, тим повільніше тече час». Наприклад, А сідає на космічний корабель, летить зі швидкістю, майже рівною світловій, і повертається за кілька років — а на Землі тим часом минула тисяча років.
tips	49	ruby	
tips	4	ctgr	Інше
tips	4	name	Електромагнітні хвилі
tips	4	note	"Хвилі, що мають водночас властивості електричного й магнітного поля; теоретично їх передбачив Максвелл у 1864 році. Обидва поля впливають одне на одне, через що сам простір починає коливатися, і хвиля поширюється навколо. Тому їх ще називають електромагнітним випромінюванням.
Залежно від частоти їх поділяють на радіохвилі, інфрачервоне, видиме та ультрафіолетове світло, рентгенівське й гамма-випромінювання.
Щодо шкідливого впливу на людину Всесвітня організація охорони здоров'я (ВООЗ) заявила, що «наукових підстав для причинного зв'язку не виявлено» — але й відсутність такого зв'язку теж ніхто не довів."
tips	4	ruby	
tips	50	ctgr	Інше
tips	50	name	Принцип Причинності
tips	50	note	"Уявлення про те, що кожна подія обов'язково має причину, а вже з неї народжується наслідок. Саме на цьому принципі побудована теорія відносності.
Проте в мікросвіті, як-от у квантовій механіці, виявлено явища, на які принцип причинності не завжди поширюється."
tips	50	ruby	
tips	51	ctgr	Інше
tips	51	name	Часовий парадокс
tips	51	note	"Суперечність, що виникає, коли хтось подорожує в минуле й діє інакше, ніж було в первісній історії. Найвідоміший приклад — «Парадокс Дідуся». Якщо вирушити в минуле й убити власного батька до свого народження, то ти не народишся — а отже, не буде й того, хто вбив батька; виходить замкнене коло.
Через можливість таких парадоксів деякі твердять, що подорожі в часі нездійсненні. Способів розв'язати парадокс запропоновано чимало, але все це — не більше ніж уявні експерименти."
tips	51	ruby	
tips	52	ctgr	Наука
tips	52	name	Закон збереження маси
tips	52	note	Закон, за яким під час хімічних перетворень — горіння, термічного розкладу тощо — загальна маса речовин до й після реакції залишається однаковою. Наприклад, коли водень реагує з оксигеном і утворюється вода, маса водню й оксигену дорівнює масі води.
tips	52	ruby	
tips	53	ctgr	Отаку
tips	53	name	Марнокнижжя
tips	53	note	Книжки, написані такою стрибучою логікою, що її сміло можна назвати маренням. Здебільшого йдеться про надприродні явища, НЛО, окультизм і теорії змови.
tips	53	ruby	
tips	54	ctgr	Наука
tips	54	name	Принцип самоузгодженості
tips	54	note	Принцип Новікова: навіть якщо потрапити в минуле й спробувати вчинити щось таке, що створило б часовий парадокс, спрацює невидима сила — на перший погляд схожа на низку випадковостей, — і здійснити цю дію не вдасться нізащо.
tips	54	ruby	
tips	55	ctgr	Акіба
tips	55	name	Мансейбаші
tips	55	note	"Один із мостів через річку Канда, розташований на південному краю електричного кварталу Акіхабари.
Перший Мансейбаші стояв не там, де нинішній, і звався «Йорозуйобаші». Коли на сучасному місці звели «новий Мансейбаші», старий перейменували на «Мото-Мансейбаші», але й його розібрали 1906 року.
Нинішній арковий Мансейбаші постав 1930 року — після перебудови, спричиненої Великим землетрусом Канто."
tips	55	ruby	
tips	56	ctgr	Акіба
tips	56	name	Канда Мьоджін
tips	56	note	Святилище на захід від Акіхабари, на пагорбі, звідки видно все мое-місто. Головна святиня Едо: тут шанують Оокунінуші-но-мікото (він же Дайкоку-сама) і Тайра-но-Масакадо. Від станції Акіхабара — хвилин десять, від лабораторії Окабе — близько п'яти.
tips	56	ruby	
tips	57	ctgr	Інше
tips	57	name	Хокотен
tips	57	note	Скорочення від «Рай Пішохода». У людні дні в деяких районах Токіо — зокрема в Акіхабарі — перекривають головні вулиці. Проїзна частина стає одним великим тротуаром, і пішоходи ходять де заманеться.
tips	57	ruby	
tips	58	ctgr	Акіба
tips	58	name	Фотоманіяки
tips	58	note	Здебільшого чоловіки, які злітаються на всілякі заходи з дорогими зеркалками й без ліку фотографують переважно дівчат у відкритих костюмах. Роблять це для душі, а не за гроші — тому й «аматори». Слово «хлопчаки» тут ні до чого: вік буває будь-який.
tips	58	ruby	
tips	59	ctgr	Восьмикласник
tips	59	name	Сейшін Занма-рю
tips	59	note	Школа мечового бою для запечатування демонів, яку Темний Фенікс дарував Урушібарі Рюці — нащадку одного з давніх стражів Акіхабари. Водночас це метод духовного зосередження, що стримує лихе полум'я, яке спить у тілі Рюки. Свою справжню силу техніки розкривають лише з проклятим мечем Самідаре. …Такий, принаймні, задум. Вигадав його, певна річ, Окабе.
tips	59	ruby	
tips	5	ctgr	Отаку
tips	5	name	Капсульний автомат
tips	5	note	Торговий автомат: кидаєш монету, крутиш ручку — і з отвору випадає капсула з якоюсь дрібною іграшкою. Що саме всередині, не дізнаєшся, поки не відкриєш. Залежно від епохи, регіону й виробника назв безліч, а спільна для всіх — капсульні іграшки.
tips	5	ruby	
tips	60	ctgr	Акіба
tips	60	name	Фуджощі
tips	60	note	Дівчата-отаку, які полюбляють аніме, ігри та додзінші про кохання між чоловіками — так званий «яой». До жінок-отаку взагалі це слово не стосується.
tips	60	ruby	
tips	61	ctgr	Акіба
tips	61	name	КоміМа
tips	61	note	Комічний Гіга Маркет. Свято отаку, що двічі на рік відбувається в Токіо Біг Сайт в Аріаке. Тисячі авторів привозять туди все на світі: від еротичної манґи за популярними аніме до власних фігурок, музики й ігор. Найближча літня КоміМа триватиме три дні, починаючи з 15 серпня.
tips	61	ruby	
tips	62	ctgr	Отаку
tips	62	name	Кірарі-чан
tips	62	note	Головна героїня «RaiNet Kakeru». Повне ім'я — Нішімура Кірарі, учениця 5 класу. Розумна, у спорті — на всі руки. До того ж мила й з чудовим характером. Практично ідеальна дівчинка. Любить гарно вдягатися, ненавидить шіітаке.
tips	62	ruby	
tips	63	ctgr	Мережа
tips	63	name	Хтось такий милий не може бути дівчиною
tips	63	note	Усталений вислів, який неодмінно кидають під артом із милим персонажем, коли стать його не вказана — або коли це таки хлопець, тобто фембой. Ту саму фразу вживають і саркастично: щодо дівчат, які схожі на хлопців.
tips	63	ruby	
tips	64	ctgr	Інше
tips	64	name	Оонуса
tips	64	note	Ритуальне знаряддя в сінто. Це гілка сакакі з прикріпленими до кінця паперовими стрічками (шіде). Вважається, що коли нею помахати над людиною під час очищення, скверна переходить із людини на саму оонусу.
tips	64	ruby	
tips	65	ctgr	Акіба
tips	65	name	Святилище Янабаяші
tips	65	note	Святилище в Акіхабарі. Перейти міст Мансейбаші, звернути в найближчий провулок, пройти під залізничною естакадою — і далі вздовж річки. На території повно бездомних котів. Рідний дім Урушібари Рюки.
tips	65	ruby	
tips	66	ctgr	Акіба
tips	66	name	Майстерня Трубки Брауна
tips	66	note	Крамниця, що торгує виключно ЕПТ-телевізорами. Розташована на першому поверсі багатофункційної будівлі Охіяма біля Суехірочьо. У самій глибині крамниці стоїть рідкісний 42-дюймовий ЕПТ-телевізор. Власник, Тенноджі Юґо, водночас і господар будівлі. Покупців за день можна перелічити на пальцях, та якимось дивом крамниця виживає в Акіхабарі, де все змінюється чи не щодня.
tips	66	ruby	
tips	67	ctgr	Інше
tips	67	name	IBN
tips	67	note	Американська комп'ютерна компанія. Розробляє й продає не лише апаратне та програмне забезпечення, а й надає корпоративні послуги та консалтинг. Останніми роками саме друге стало її основним напрямом. Відома також тим, що розробила операційні системи для ПК, жорсткі та гнучкі диски.
tips	67	ruby	
tips	68	ctgr	Мережа
tips	68	name	Мешканці
tips	68	note	Ті, хто регулярно користується певним сервісом. Найчастіше так називають завсідників анонімних інтернет-форумів.
tips	68	ruby	
tips	69	ctgr	Інше
tips	69	name	Хвороба Кройцфельдта-Якоба
tips	69	note	Так називають зараження людини після того, як вона з'їла м'ясо корови з ГЕВРХ (те, що в народі звуть скаженою коровою). Симптоми: погіршення пам'яті, дивна поведінка, зміни характеру, недоумство, задубіння м'язів. У найгіршому разі за рік-два настає повне виснаження організму і смерть від паралічу дихання. Лікування досі не знайдено.
tips	69	ruby	
tips	6	ctgr	Отаку
tips	6	name	RaiNet Kakeru
tips	6	note	"Дуже популярна манґа про інтернет, що виходить у «ЛокоЛоко Комікс». Зараз щонеділі з 9:00 на каналах «Тотелебачення» йде вже третій сезон телеаніме.
На перший погляд — і атмосфера, і дизайн персонажів — це твір для дітей, але насправді фантастику тут відкинуто на користь небаченої досі реалістичності тем, тож дивитися його не соромно й дорослому.
Дітей, які через це аніме здобувають правильні (а часом і не дуже правильні) знання про інтернет, а тоді вихваляються ними перед друзями, стає все більше.
На таку реакцію деякі фахівці навіть кажуть: «Тепер в інтернеті діти тямлять краже за дорослих», — і покоління, що виросло на «RaiNet Kakeru», подеколи звуть «дітьми RaiNet».
Були й організації та політики, які різко критикували серіал: мовляв, підлітки, що не відриваються від комп'ютера, — це пропаганда затворництва. Але месидж твору — «можливості інтернету, добро і зло мережевого світу, правильне розуміння авторського права, відповідальність за інформацію» — більшість дорослих цілком приймала, тож незадоволених невдовзі стало обмаль.
Отак «RaiNet Kakeru» і виріс у серіал, який дивляться й люблять найрізноманітніші глядачі.
При цьому це аж ніяк не нудна освітня передача, хоч і будить інтелектуальну цікавість. Хакери, кракери, кібертерористи, віруси й інші мережеві поняття подано візуально: техніка набору героя й запуск програм з'являються на екрані комп'ютера як віртуальні роботи. Двобої перетворюються на зрозумілі бої, і оповідь у доброму темпі перескакує між двома точками зору — тим, що всередині комп'ютера, і тим, що поза ним: майстерністю героя й злагодженою роботою його друзів."
tips	6	ruby	
tips	70	ctgr	Мережа
tips	70	name	Вкид
tips	70	note	Спершу — спосіб лову риби: закидаєш вудку з наживкою і чекаєш, поки клюне. Звідси й пішло: на анонімних імиджбордах так називають писанину з провокативними думками або відвертою брехнею — щоб потім потішитися з тих, хто повівся й бурхливо відреагував.
tips	70	ruby	
tips	71	ctgr	Наука
tips	71	name	SERN
tips	71	note	"Європейська організація ядерних досліджень. Щоправда, «SERN» — не абревіатура від цієї назви: досі вживають скорочення від французького «Société Européen pour la Recherche Nucléaire» (комітет із заснування лабораторії).
Найбільша у світі лабораторія фізики елементарних частинок, розташована в передмісті Женеви, у Швейцарії. Вона лежить просто на кордоні Франції та Швейцарії, а на її території є банк, бібліотека, пошта й гуртожитки.
Тут збираються дослідницькі групи з усього світу — насамперед із дев'ятнадцяти європейських країн — і проводять найрізноманітніші експерименти з фізики елементарних частинок. У SERN працює кілька тисяч людей."
tips	71	ruby	
tips	72	ctgr	Мережа
tips	72	name	Моар
tips	72	note	Скорочення від «розкажи детальніше». Вживають, коли хочуть почути більше подробиць.
tips	72	ruby	
tips	73	ctgr	Інше
tips	73	name	Антиутопія
tips	73	note	Суспільство, цілком протилежне утопії. Тотальний контроль і регламентація: жодна людина не має приватності, а її дії відстежують двадцять чотири години на добу.
tips	73	ruby	
tips	74	ctgr	Мережа
tips	74	name	Тє
tips	74	note	Те саме, що «ти». Інтернет-сленг.
tips	74	ruby	
tips	75	ctgr	Мережа
tips	75	name	Пацани
tips	75	note	Спотворене «ви всі», «хлопці». Мережевий сленг.
tips	75	ruby	
tips	76	ctgr	Інше
tips	76	name	Реально
tips	76	note	Сленг. Означає «серйозно», «по-справжньому», «на повному серйозі».
tips	76	ruby	
tips	77	ctgr	Мережа
tips	77	name	лол
tips	77	note	Скорочення від «laughing out loud» — «гучно смію́сь». Кажуть, пішло із закордонних онлайн-ігор. Ставиться в кінці або посередині фрази, щоб показати: це смішно. На анонімних форумах повторюють по багато разів — «лоллоллоллол» — щоб передати вищий градус емоції або відкритий глум із співрозмовника. Приклади: «ухх лол ок лол» або «мене л розриває л». Через вигляд таких рядків іноді кажуть, що людина «садить траву».
tips	77	ruby	
tips	78	ctgr	Мережа
tips	78	name	Залий
tips	78	note	Скорочення від «завантажити на сервер», «залити».
tips	78	ruby	
tips	79	ctgr	Отаку
tips	79	name	Мейд-кафе
tips	79	note	Різновид кафе, що з початку 2000-х розплодився передусім в Акіхабарі. Персонал, як правило, суто жіночий, а в «мейд-кафе» офіціантки ще й одягнені покоївками. Гостя вітають словами «Ласкаво просимо додому, господарю». Відвідувач може поговорити з офіціанткою чи пограти з нею в ігри, але це все одно закład громадського харчування, а не бордель.
tips	79	ruby	
tips	7	ctgr	Інше
tips	7	name	Джон Тайтор
tips	7	note	У листопаді 2000 року на американському інтернет-форумі з'явився чоловік, який заявив, що він мандрівник у часі з 2036 року. Мережа загула, на форум посипалися питання й почалися палкі дискусії. Він назвався Джоном Тайтором. Він також частково виклав фотографії своєї машини часу та інструкції до неї, а ще схеми принципу її роботи. Як гість із майбутнього, він розповів про події найближчих років, фізику подорожей у часі, вплив на історію, багатосвіти, часові лінії та світові лінії. А через чотири місяці по появі залишив повідомлення: «Свою місію виконано, повертаюся у свій світ», — і зник безвісти.
tips	7	ruby	
tips	80	ctgr	Мережа
tips	80	name	Свято
tips	80	note	Стан, коли тред на @чані вибухає активністю. Згодом так почали називати й подібне пожвавлення не лише в мережі, а й у реальному житті. Зі справжніми традиційними святами це не має нічого спільного.
tips	80	ruby	
tips	81	ctgr	Інше
tips	81	name	Міська легенда
tips	81	note	Чутки, що масово з'явилися з XX століття й мають непевне або туманне походження. Формально їх відрізняють від страшилок, окультизму та фольклору, але останнім часом ці межі дедалі більше розмиваються. Міські легенди бувають різні — від смішних побрехеньок до справжніх жахів із саспенсом, і розповідають їх так, ніби все це справді сталося. Найвідоміші приклади: «Ханако з туалету», «Підробіток з обмивання трупів», «Люди в чорному».
tips	81	ruby	
tips	82	ctgr	Інше
tips	82	name	98
tips	82	note	Скорочена назва серії персональних комп'ютерів, яку японський виробник продавав із другої половини 1980-х до першої половини 1990-х. Продавалася настільки добре, що якийсь час її називали «народною машиною».
tips	82	ruby	
tips	83	ctgr	Інше
tips	83	name	MI6
tips	83	note	Шоста секція військової розвідки Великої Британії (Military Intelligence, Section 6). Відповідає за розвідувальну діяльність за межами країни. Утім, офіційна назва — Секретна розвідувальна служба, SIS (Secret Intelligence Service); MI6 — це давня назва часів її попередниці.
tips	83	ruby	
tips	84	ctgr	Інше
tips	84	name	Медіа-скрам
tips	84	note	Колективне полювання за сенсацією. Коли трапляється справа, аварія чи катастрофа з високим суспільним резонансом, телеканали, газети та решта преси, розмахуючи гаслом свободи слова, злітаються під домівки причетних людей. Наслідок — грубе втручання в приватне життя й неабиякі моральні та фізичні страждання для тих, хто потрапив під приціл.
tips	84	ruby	
tips	85	ctgr	Інше
tips	85	name	Редакційна фірма
tips	85	note	Скорочено від «редакційна продакшн-компанія». Виконує замовлення різних видавництв на розробку концепцій та редагування.
tips	85	ruby	
tips	86	ctgr	Отаку
tips	86	name	Комбо-атака
tips	86	note	Ігровий термін, розмовна форма від «комбінація». Здебільшого означає серію послідовних прийомів у файтингах. Звідси в побутовій мові так називають і будь-яку дію, що поєднує два чи більше елементів.
tips	86	ruby	
tips	87	ctgr	Отаку
tips	87	name	Ота
tips	87	note	Скорочення від «отаку».
tips	87	ruby	
tips	88	ctgr	Восьмикласник
tips	88	name	Реальнісний Мармур
tips	88	note	Назва магії, що затирає реальність внутрішнім світом того, хто її застосовує. Звідси й переносне значення в побутовій мові: так кажуть про парочку, яка милується на людях, занурившись у власний світ і не помічаючи чужих поглядів.
tips	88	ruby	
tips	89	ctgr	Мережа
tips	89	name	Задовбало
tips	89	note	Спотворене «як же це мене дістало».
tips	89	ruby	
tips	8	ctgr	Отаку
tips	8	name	Упа
tips	8	note	Маскот із телеаніме «RaiNet AccessBattlers». Віртуальний улюбленець із яйцеподібним овальним тільцем і короткими лапками, чимось схожий на собаку. Існує безліч колірних варіантів. Говорити не вміє, але порозумітися з ним можна — він подає голос: «Упа?», «Упа!».
tips	8	ruby	
tips	90	ctgr	Мережа
tips	90	name	Пруф
tips	90	note	Джерело, першоджерело, документ, новинна довідка — тобто звідки взято інформацію. На анонімних форумах гуляє купа брехні й помилок, тож навести пруф — головна умова, щоб тебе взагалі слухали.
tips	90	ruby	
tips	91	ctgr	Мережа
tips	91	name	Дорогезно
tips	91	note	Спотворене «задорого». Про річ із геть безсовісною ціною.
tips	91	ruby	
tips	92	ctgr	Мережа
tips	92	name	Wiki
tips	92	note	Система, що дозволяє через браузер створювати й редагувати гіпертекстові документи на вебсервері.
tips	92	ruby	
tips	93	ctgr	Мережа
tips	93	name	ФреПара
tips	93	note	Один із найпопулярніших сайтів соцмереж. СМ — це скорочення від «соціальна мережа»: сайт-спільнота, куди потрапляють за запрошенням, за реєстрацією чи ще якось. Усе влаштовано так, щоб спілкуватися з іншими в мережі було якнайпростіше.
tips	93	ruby	
tips	94	ctgr	Мережа
tips	94	name	Сорян
tips	94	note	Перекручене «вибачте». Часто вживається в наборі: «Фухіхі ххх сорян ххх». Формально це вибачення, але за змістом його ніколи так не використовують — тільки щоб піддразнити чи познущатися зі співрозмовника.
tips	94	ruby	
tips	95	ctgr	Інше
tips	95	name	ЕПТ
tips	95	note	«Cathode Ray Tube», електронно-променева трубка. Тип монітора. Те саме, що й трубка Брауна — за іменем винахідника, Карла Фердинанда Брауна.
tips	95	ruby	しーあーるてぃー
tips	96	ctgr	Мережа
tips	96	name	Явлення
tips	96	note	На @чані й подібних форумах — коли в тред приходить сама знаменитість або той, кого в цьому треді обговорюють, і пише, розкривши свою особу.
tips	96	ruby	こうりん
tips	97	ctgr	Наука
tips	97	name	Парадокс близнюків
tips	97	note	"Згідно зі спеціальною теорією відносності Ейнштейна, при русі зі швидкістю, близькою до світлової, час іде повільніше. У відповідь на це запропонували такий парадокс.
Один із близнюків сідає в ракету, здатну летіти майже зі швидкістю світла, віддаляється від Землі й через якийсь час повертається.
З погляду брата, що лишився на Землі, у того, хто летів, час ішов повільніше — отже, він постарів менше.
Але з погляду брата в ракеті можна сказати, що це Земля віддалялася від нього майже зі швидкістю світла, — а тоді повільніше йшов час у того, хто лишився, і саме він постарів менше.
Розв'язок такий: сповільнення часу відбувається при рухові з прискоренням, а до інерційного руху Землі це не стосується. Тому нині вважають, що парадокса тут немає."
tips	97	ruby	ふたごのぱらどっくす
tips	98	ctgr	Наука
tips	98	name	Тіплер
tips	98	note	Френк Тіплер, американський фізик. У 1974 році запропонував модель циліндричної машини часу — циліндр Тіплера. От лишень «нескінченно довгий циліндр, що швидко обертається», потрібний для такої машини, у реальності існувати не може.
tips	98	ruby	
tips	99	ctgr	Інше
tips	99	name	Шеві
tips	99	note	Бренд американської автомобільної компанії.
tips	99	ruby	
tips	9	ctgr	Інше
tips	9	name	ЕПТ-телевізор
tips	9	note	"Телевізор із монітором на електронно-променевій трубці (її ще звуть трубкою Брауна). Пристрій, що зветься електронною гарматою, стріляє електронами в люмінофорний екран, той світиться — і так виникає зображення.
Від початку телемовлення в Японії (1953 рік) і аж до 2000-х, коли поширилися плоскі тонкі телевізори, «телевізор» означав саме ЕПТ-телевізор. Через саму природу трубки такому телевізору, на відміну від плоского, потрібна глибина, а екран має співвідношення 4:3."
tips	9	ruby	
mail	FM_From_DAR0101	body	Окарін збоче
mail	FM_From_DAR0101	sender	Дару
mail	FM_From_DAR0102	body	нець
mail	FM_From_DAR0102	sender	Дару
mail	FM_From_DAR0401	body	Маю сьогодні справу, тож сходку пропущу, звиняйте.
mail	FM_From_DAR0401	sender	Дару
mail	FM_From_DAR0401	subject	Скажу_як_є
mail	FM_From_DAR0901	body	Щодо камер схову: велика, права нижня, зайнята. І що це має значити? І взагалі, не гоняй мене з дорученнями в таку рань, бовдуре! ヽ(`Д´)ﾉ
mail	FM_From_DAR0901	sender	Дару
mail	FM_From_DAR0901	subject	Перевірив
mail	FM_From_KRS0301	body	Окабе — пусто
mail	FM_From_KRS0301	sender	Асистентка
mail	FM_From_KRS0302	body	головий!
mail	FM_From_KRS0302	sender	Асистентка
mail	FM_From_KRS0303	body	Дуже хотіла с
mail	FM_From_KRS0303	sender	Асистентка
mail	FM_From_KRS0304	body	пати, перепил
mail	FM_From_KRS0304	sender	Асистентка
mail	FM_From_KRS0305	body	а кави, тепер
mail	FM_From_KRS0305	sender	Асистентка
mail	FM_From_KRS0306	body	Скільки симво
mail	FM_From_KRS0306	sender	Асистентка
mail	FM_From_KRS0307	body	лів проходить?
mail	FM_From_KRS0307	sender	Асистентка
mail	FM_From_KRS0308	body	What's up? I
mail	FM_From_KRS0308	sender	Асистентка
mail	FM_From_KRS0309	body	t's all good
mail	FM_From_KRS0309	sender	Асистентка
mail	FM_From_KRS0310	body	! Bye.
mail	FM_From_KRS0310	sender	Асистентка
mail	FM_From_KRS0311	body	Я — Макісе Ку
mail	FM_From_KRS0311	sender	Асистентка
mail	FM_From_KRS0312	body	рісу, а Кріст
mail	FM_From_KRS0312	sender	Асистентка
mail	FM_From_KRS0313	body	іна — це не
mail	FM_From_KRS0313	sender	Асистентка
mail	FM_From_KRS0314	body	Три повідомле
mail	FM_From_KRS0314	sender	Асистентка
mail	FM_From_KRS0315	body	ння — це межа
mail	FM_From_KRS0315	sender	Асистентка
mail	FM_From_KRS0316	body	? Далі зникає
mail	FM_From_KRS0316	sender	Асистентка
mail	FM_From_KRS0317	body	Байт на симво
mail	FM_From_KRS0317	sender	Асистентка
mail	FM_From_KRS0318	body	л міняє межу?
mail	FM_From_KRS0318	sender	Асистентка
mail	FM_From_KRS0319	body	абвгґдежзи
mail	FM_From_KRS0319	sender	Асистентка
mail	FM_From_KRS0320	body	ійклмнопрс
mail	FM_From_KRS0320	sender	Асистентка
mail	FM_From_KRS0321	body	туфхцчшщюя
mail	FM_From_KRS0321	sender	Асистентка
mail	FM_From_KRS0322	body	ABCDEFGHIJKL
mail	FM_From_KRS0322	sender	Асистентка
mail	FM_From_KRS0323	body	MNOPQRSTUVWX
mail	FM_From_KRS0323	sender	Асистентка
mail	FM_From_KRS0324	body	YZ
mail	FM_From_KRS0324	sender	Асистентка
mail	FM_From_KRS0325	body	Тепер ясно
mail	FM_From_KRS0325	sender	Асистентка
mail	FM_From_KRS0326	body	6 симв. (2-байт)
mail	FM_From_KRS0326	sender	Асистентка
mail	FM_From_KRS0327	body	12 симв. (1-байт)
mail	FM_From_KRS0327	sender	Асистентка
mail	FM_From_KRS0328	body	таймер змінився
mail	FM_From_KRS0328	sender	Асистентка
mail	FM_From_KRS0329	body	на 60 секунд!
mail	FM_From_KRS0329	sender	Асистентка
mail	FM_From_KRS0330	body	час доставки
mail	FM_From_KRS0330	sender	Асистентка
mail	FM_From_KRS0331	body	залежить від таймера
mail	FM_From_KRS0331	sender	Асистентка
mail	FM_From_KRS0332	body	1 сек = 1 година
mail	FM_From_KRS0332	sender	Асистентка
mail	FM_From_KRS0333	body	ще раз, будь ласка!
mail	FM_From_KRS0333	sender	Асистентка
mail	FM_From_KRS0901	body	"Зустрілася з Маюрі. Їдемо в Аріаке
Як не крути, а трохи хвилююся, лол"
mail	FM_From_KRS0901	sender	Асистентка
mail	FM_From_KRS0901	subject	Вирушили
mail	FM_From_KRS0902	body	Я й не думала, що буде такий натовп. Врятуйте orz
mail	FM_From_KRS0902	sender	Асистентка
mail	FM_From_KRS0902	subject	Стільки_людей
mail	FM_From_KRS1001	body	«Не питай, що готує майбутнє, і приймай як дар усе, що приносить день» — Горацій, італійський філософ. Я сьогодні повертаюся в готель. Зроби те, що маєш зробити. Ну, добраніч.
mail	FM_From_KRS1001	sender	Асистентка
mail	FM_From_KRS1001	subject	до_зустрічі
mail	FM_From_LUK0801	body	"Окабе-сан,

у мене є важлива розмова.
Ви не могли б прийти до нашого святилища?

Чекаю. Я чекатиму, скільки треба."
mail	FM_From_LUK0801	sender	Рюкако
mail	FM_From_LUK0802	body	"Окабе-сан,

у мене є важлива розмова.
Ви не могли б прийти до нашого святилища?

Чекаю. Я чекатиму, скільки треба."
mail	FM_From_LUK0802	sender	Рюкако
mail	FM_From_LUK0803	body	Це справді було правильно?
mail	FM_From_LUK0803	sender	Рюкако
mail	FM_From_LUK0803	subject	Скажіть_мені
mail	FM_From_MAY0201	body	Слухай, спробуй зв'язатися з Дару-куном～.
mail	FM_From_MAY0201	sender	Маюрі
mail	FM_From_MAY0201	subject	Подзвонила～♪
mail	FM_From_MAY0301	body	Туттуру♪
mail	FM_From_MAY0301	sender	Маюрі
mail	FM_From_MAY0302	body	—Маюші☆
mail	FM_From_MAY0302	sender	Маюрі
mail	FM_From_MAY0901	body	Окаріне, добрий ранок♪　Маюші вже вирушає!
mail	FM_From_MAY0901	sender	Маюрі
mail	FM_From_MAY0901	subject	Побігла!
mail	FM_From_MAY1001	body	Туттуру♪ Це Маюші. Окаріне, тебе щось гризе?　Останнім часом ти іноді робиш таке страдницьке обличчя…　Може, Маюші не може стати тим, з ким ти поговориш?　Чи саме тому, що це Маюші, ти й не можеш поговорити?　Це дуже сумно й тяжко.　Якщо Маюші для тебе тягар, скажи прямо, будь ласка.
mail	FM_From_MAY1001	sender	Маюрі
mail	FM_From_MAY1001	subject	Тебе_щось_гризе?
mail	FM_From_MOE0101	body	Окабе-сан, я написала одразу. Мене звати Кірю Моека. 20 років, працюю на підробітках. Я ж казала, що підробляю в редакційній фірмі, так? Вибач, що я так раптово тебе сфотографувала. Я зовсім не мала злого наміру. Для роботи потрібні були вуличні кадри Акіхабари, тож я знімала все підряд, без конкретної цілі. Хоча, звісно, був і задній умисел: якраз трапилася історія зі супутником, і я хотіла зловити сенсацію (смішно). До того ж ті фото — не для випуску, а тестові. Тому й камера в телефоні, ось у чому сіль. Не треба було так відчайдушно благати «видали-и-и», я все одно не збиралася їх нікуди ставити. Ну, а тепер до головного. Знаю, що це страшенно нахабне прохання, і мені соромно, але, будь ласка, будь ласка, спитай у свого знайомого супер-хакера про ту міську легенду. Насправді я в комп'ютерах не тямлю і навіть не дуже розумію, що це за комп'ютер такий IBN 5100 (я мала тільки те зображення, що показувала тобі. А, зараз прикріплю його). Обов'язково, обов'язково відповідай мені. Я весь час чекатиму. І якщо даси мені адресу свого друга супер-хакера, буду дуже рада. Я ще напишу. Можна ж писати? Навіть якщо скажеш «ні», однаково писатиму♪　Моека
mail	FM_From_MOE0101	sender	Блискучий Палець
mail	FM_From_MOE0101	subject	Чекаю_відповіді
mail	FM_From_MOE0201	body	Це Моека. Окабе-кун, ти студент? Тоді в тебе зараз літні канікули?　Моека
mail	FM_From_MOE0201	sender	Блискучий Палець
mail	FM_From_MOE0201	subject	Ти_студент?
mail	FM_From_MOE0202	body	Окабе-кун, ти живеш удень чи вночі? Від цього залежить, коли ти читаєш листи. Мені все-таки хочеться, щоб ти читав одразу і одразу відповідав. Тому писатиму в такий час, щоб не набридати.　Моека
mail	FM_From_MOE0202	sender	Блискучий Палець
mail	FM_From_MOE0202	subject	Розпорядок
mail	FM_From_MOE0203	body	І ще: я не люблю говорити по телефону, тож не дзвони мені （＾＾；）　Бувай♪　Моека
mail	FM_From_MOE0203	sender	Блискучий Палець
mail	FM_From_MOE0203	subject	Не_люблю
mail	FM_From_MOE0204	body	Щодо попереднього листа: я ж не давала тобі свого номера телефону.（＾＾；）Коли спілкуєшся тільки листами, якось спокійніше. А ти як думаєш, Окабе-кун?　Моека
mail	FM_From_MOE0204	sender	Блискучий Палець
mail	FM_From_MOE0204	subject	Не_люблю_2
mail	FM_From_MOE0205	body	Окабе-кун, ти що, спиш? Виходить, ти таки живеш за нормальним розпорядком. Ти вже розповів про мене тому супер-хакеру? І про того Джона-як-його-там мені теж хочеться дізнатися. Здається, я захворіла на хворобу цікавості.　Моека
mail	FM_From_MOE0205	sender	Блискучий Палець
mail	FM_From_MOE0205	subject	Спиш?
mail	FM_From_MOE0206	body	Я нічна пташка, тому вже давно засинаю тільки тоді, коли надворі світлішає. Ну, я вже звикла, мені не важко. Тож напиши мені, як прокинешся, гаразд?♪　Моека
mail	FM_From_MOE0206	sender	Блискучий Палець
mail	FM_From_MOE0206	subject	Вставай~
mail	FM_From_MOE0207	body	Відповіді на лист усе немає~? Ти й досі спиш? Це вже, як не крути, задовго. Ти ще молодий, а живеш як стара людина. Хоча кому це я кажу (смішно)　Інформація про IBN 5100 приймається у будь-якій кількості~♪　Моека
mail	FM_From_MOE0207	sender	Блискучий Палець
mail	FM_From_MOE0207	subject	Ти спиш забагато
mail	FM_From_MOE0208	body	О-ка-бе-кун! Я б уже дуже хотіла відповідь. Я ж усе чекаю. І дай мені, будь ласка, контакт того супер-хаки. Поки ми тут не спішимо, IBN 5100 може потрапити в чужі руки, розумієш?　Моека
mail	FM_From_MOE0208	sender	Блискучий Палець
mail	FM_From_MOE0208	subject	будь ласочка!
mail	FM_From_MOE0209	body	Дякую, що написав♪ Я довго чекала. Але я не дуже вмію говорити, тому давай спілкуватися листами.　Моека
mail	FM_From_MOE0209	sender	Блискучий Палець
mail	FM_From_MOE0209	subject	Re:Подзвони мені
mail	FM_From_MOE0210	body	У мене інформації майже нуль ><　А в тебе?　Моека
mail	FM_From_MOE0210	sender	Блискучий Палець
mail	FM_From_MOE0210	subject	Re:Re:Re:Подзвони мені
mail	FM_From_MOE0211	body	Дай контакт супер-хакера~♪　Моека
mail	FM_From_MOE0211	sender	Блискучий Палець
mail	FM_From_MOE0211	subject	Re:Re:Re:Подзвони мені 2
mail	FM_From_MOE0212	body	Я так настирно пишу, тобі це набридло? Вибач. Просто мені дуже-дуже потрібна інформація про IBN 5100. Наразі єдина моя зачіпка — це ти, Окабе-кун. Тому я й учепилася. Обіцяю, більше не буду писати коротких листів, тільки не кидай мене. Допоможи мені шукати IBN 5100. Якщо я щось дізнаюся, теж одразу поділюся. Тож давай працювати разом.　Моека
mail	FM_From_MOE0212	sender	Блискучий Палець
mail	FM_From_MOE0212	subject	Якщо набридла — вибач
mail	FM_From_MOE0213	body	Привіт, Окабе-кун. Оце збіг — зустрітися отут♪ Як там пошуки IBN 5100, успішно?　Моека
mail	FM_From_MOE0213	sender	Блискучий Палець
mail	FM_From_MOE0214	body	Ага, саме так. Але ніде не знаходжу. Стою й думаю: ой, як шкода, хоч би хтось допоміг~? — і тут мене окликає Окабе-кун! Оце пощастило♪　Моека
mail	FM_From_MOE0214	sender	Блискучий Палець
mail	FM_From_MOE0215	body	Обійшла різні комп'ютерні магазини, шукала на інтернет-аукціонах, питала на @чані «ніхто не знає?», зупиняла людей на вулицях Акіхабари. Хоча тих, з ким я справді змогла заговорити, разом з тобою було десь четверо ><　Моека
mail	FM_From_MOE0215	sender	Блискучий Палець
mail	FM_From_MOE0215	subject	Усього потроху
mail	FM_From_MOE0216	body	Нічого не спадає на думку, я зовсім розгубилася…　Моека
mail	FM_From_MOE0216	sender	Блискучий Палець
mail	FM_From_MOE0216	subject	Не знаю, що робити
mail	FM_From_MOE0217	body	Знайшов щось про IBN 5100? У мене зовсім нічого. Обійшла купу магазинів, але на вітрині — жодного. Мабуть, таки треба було питати продавців. Напиши, будь ласка, чи є в тебе якийсь результат.　Моека
mail	FM_From_MOE0217	sender	Блискучий Палець
mail	FM_From_MOE0217	subject	Є інформація?
mail	FM_From_MOE0218	body	Ти бачив мій попередній лист? Як бачив, то відпиши, гаразд? А, і давай віднині виходити на зв'язок регулярно. Щодня о сьомій вечора обмінюватися інформацією. Як тобі? Хіба не гарна ідея? Давай так. Не хочеш? Скажи, що ти думаєш.　Моека
mail	FM_From_MOE0218	sender	Блискучий Палець
mail	FM_From_MOE0218	subject	Агов?
mail	FM_From_MOE0219	body	Який товар? Невже IBN 5100? Віддай!!!　Моека
mail	FM_From_MOE0219	sender	Блискучий Палець
mail	FM_From_MOE0219	subject	Re:Re:Є інформація?
mail	FM_From_MOE0220	body	Забула сказати. Я, взагалі-то, перевіряю пошту цілодобово. Тож на попередній лист можеш відповісти коли завгодно. Тільки якнайшвидше, будь ласка.　Моека
mail	FM_From_MOE0220	sender	Блискучий Палець
mail	FM_From_MOE0220	subject	Забула сказати
mail	FM_From_MOE0221	body	Позич!!!　Моека
mail	FM_From_MOE0221	sender	Блискучий Палець
mail	FM_From_MOE0221	subject	Re:Re:Re:Re:Є інформація?
mail	FM_From_MOE0301	body	Окабе-кун, я прийшла, як ти й казав. Ти ж обіцяв показати мені IBN 5100? Тебе немає? Світло горить, вікно навстіж. Якщо ти всередині, відчини, будь ласка, двері. Я зараз стою перед будівлею.　Моека
mail	FM_From_MOE0301	sender	Блискучий Палець
mail	FM_From_MOE0301	subject	Я вже тут
mail	FM_From_MOE0302	body	Ти що, спиш? Чи навмисне мене ігноруєш? Я вже піднімаюся сходами.　Моека
mail	FM_From_MOE0302	sender	Блискучий Палець
mail	FM_From_MOE0303	body	Хоч відповідь напиши… Чи ти вдаєш, що тебе нема? Я вже під дверима. Моека
mail	FM_From_MOE0303	sender	Блискучий Палець
mail	FM_From_MOE0304	body	Хотіла постукати, але в цій будівлі так темно… страшно. Здалося, ніби зараз щось вилізе, і я не змогла шуміти… ><　Моека
mail	FM_From_MOE0304	sender	Блискучий Палець
mail	FM_From_MOE0305	body	Тебе немає? Ти зараз де? Ще в Акіхабарі?　Моека
mail	FM_From_MOE0305	sender	Блискучий Палець
mail	FM_From_MOE0305	subject	Тебе немає?
mail	FM_From_MOE0306	body	Я постукаю. Якщо ти там, відповідай.　Моека
mail	FM_From_MOE0306	sender	Блискучий Палець
mail	FM_From_MOE0306	subject	стукаю
mail	FM_From_MOE0307	body	Ти ж сказав, що можна прийти подивитися?　Моека
mail	FM_From_MOE0307	sender	Блискучий Палець
mail	FM_From_MOE0307	subject	Ага
mail	FM_From_MOE0308	body	Вибач, якщо це незручно. Але я дуже хочу побачити.　Моека
mail	FM_From_MOE0308	sender	Блискучий Палець
mail	FM_From_MOE0308	subject	Прийшла раптово
mail	FM_From_MOE0309	body	Можна сфотографувати♪　Моека
mail	FM_From_MOE0309	sender	Блискучий Палець
mail	FM_From_MOE0310	body	Можна позичити? Ну будь ласка-будь ласка?　Моека
mail	FM_From_MOE0310	sender	Блискучий Палець
mail	FM_From_MOE0310	subject	5100
mail	FM_From_MOE0311	body	І допоможи мені його донести, будь ласка.　Моека
mail	FM_From_MOE0311	sender	Блискучий Палець
mail	FM_From_MOE0311	subject	Було б добре
mail	FM_From_MOE0312	body	Це ж нечесно ＞＜　Тоді скажи хоч, де ти його знайшов… ну?　Моека
mail	FM_From_MOE0312	sender	Блискучий Палець
mail	FM_From_MOE0312	subject	Це ж
mail	FM_From_MOE0313	body	Що це значить — надсилати листи в минуле?　Моека
mail	FM_From_MOE0313	sender	Блискучий Палець
mail	FM_From_MOE0313	subject	Я почула…
mail	FM_From_MOE0314	body	FB?
mail	FM_From_MOE0314	sender	Блискучий Палець
mail	FM_From_MOE0314	subject	Невже
mail	FM_From_MOE0315	body	Що таке Круглий Стіл? Розкажи.　Моека
mail	FM_From_MOE0315	sender	Блискучий Палець
mail	FM_From_MOE0315	subject	???
mail	FM_From_MOE0316	body	Операція «Урд»? Звучить якось по-військовому.　Моека
mail	FM_From_MOE0316	sender	Блискучий Палець
mail	FM_From_MOE0316	subject	урд?
mail	FM_From_MOE0317	body	Маюрі-сан — весела людина.　Моека
mail	FM_From_MOE0317	sender	Блискучий Палець
mail	FM_From_MOE0317	subject	хех
mail	FM_From_MOE0318	body	Змінити минуле… Хочу побачити.　Моека
mail	FM_From_MOE0318	sender	Блискучий Палець
mail	FM_From_MOE0318	subject	Це
mail	FM_From_MOE0319	body	Про який хаос ідеться? Ти що, небезпечна людина, Окабе-кун?　Моека
mail	FM_From_MOE0319	sender	Блискучий Палець
mail	FM_From_MOE0319	subject	Хаос?
mail	FM_From_MOE0320	body	Я так не думаю. Ти не позичив мені IBN 5100. Злий ти.　Моека
mail	FM_From_MOE0320	sender	Блискучий Палець
mail	FM_From_MOE0320	subject	Не згодна
mail	FM_From_MOE0321	body	Окабе-кун теж весела людина.　Моека
mail	FM_From_MOE0321	sender	Блискучий Палець
mail	FM_From_MOE0321	subject	хехех
mail	FM_From_MOE0322	body	Ефект метелика… не знаю такого. Усі такі розумні. Я не встигаю за розмовою ＞＜　Моека
mail	FM_From_MOE0322	sender	Блискучий Палець
mail	FM_From_MOE0322	subject	метелик?
mail	FM_From_MOE0323	body	Багато світів? Тобто світів багато? Не віриться.　Моека
mail	FM_From_MOE0323	sender	Блискучий Палець
mail	FM_From_MOE0323	subject	Як у романі
mail	FM_From_MOE0324	body	Ця суперечка ні до чого не веде.　Моека
mail	FM_From_MOE0324	sender	Блискучий Палець
mail	FM_From_MOE0324	subject	Це вже
mail	FM_From_MOE0325	body	SERN? Ти сказав SERN?!　Моека
mail	FM_From_MOE0325	sender	Блискучий Палець
mail	FM_From_MOE0325	subject	!!!
mail	FM_From_MOE0401	body	Я теж хочу надіслати Ді-мейл! Можна…?　Моека
mail	FM_From_MOE0401	sender	Блискучий Палець
mail	FM_From_MOE0401	subject	Маю прохання
mail	FM_From_MOE0402	body	Відповідай, будь ласка. Я ж теж лаборант, правда? Тож можна, хіба ні? Прошу! Дуже прошу!　Моека
mail	FM_From_MOE0402	sender	Блискучий Палець
mail	FM_From_MOE0402	subject	Не можна?
mail	FM_From_MOE0403	body	Я ж одна з лаборантів, чи ні?　Моека
mail	FM_From_MOE0403	sender	Блискучий Палець
mail	FM_From_MOE0403	subject	Я теж
mail	FM_From_MOE0404	body	Взагалі-то я вже стою під будинком♪　Моека
mail	FM_From_MOE0404	sender	Блискучий Палець
mail	FM_From_MOE0404	subject	Взагалі-то
mail	FM_From_MOE0405	body	Дякую, що дозволив мені цю забаганку, хоч вона й егоїстична.　Моека
mail	FM_From_MOE0405	sender	Блискучий Палець
mail	FM_From_MOE0405	subject	Тобто
mail	FM_From_MOE0406	body	І ще… можна ще одну забаганку? Я хочу, щоб зміст мого листа лишився в таємниці, якщо можна.　Моека
mail	FM_From_MOE0406	sender	Блискучий Палець
mail	FM_From_MOE0406	subject	І ще про це
mail	FM_From_MOE0407	body	Це особисте, мені соромно, якщо ви всі прочитаєте…　Моека
mail	FM_From_MOE0407	sender	Блискучий Палець
mail	FM_From_MOE0407	subject	Просто…
mail	FM_From_MOE0408	body	Тоді, може, покажеш мені Ді-мейли, які ви вже надсилали? Хочу глянути для взірця, а тоді вирішу.　Моека
mail	FM_From_MOE0408	sender	Блискучий Палець
mail	FM_From_MOE0408	subject	Ем
mail	FM_From_MOE0409	body	Історія вже не потрібна. Зроблю, як ти сказав, — не буду ховати листа.　Моека
mail	FM_From_MOE0409	sender	Блискучий Палець
mail	FM_From_MOE0409	subject	Зрозуміла
mail	FM_From_MOE0410	body	Днів чотири тому я змінила модель телефона. Але покористувалася трохи й почала думати, що краще було не міняти. Тож хочу надіслати Ді-мейл собі чотири дні тому — щоб не міняла. Тоді телефон, який у мене в руках, зміниться, хіба ні?　Моека
mail	FM_From_MOE0410	sender	Блискучий Палець
mail	FM_From_MOE0410	subject	Мій задум
mail	FM_From_MOE0411	body	Щось трапилося? Я зараз трохи зайнята. Вибач. Напишу пізніше.　Моека
mail	FM_From_MOE0411	sender	Блискучий Палець
mail	FM_From_MOE0411	subject	Це Моека
mail	FM_From_MOE0501	body	Що сталося з машиною часу?　Моека
mail	FM_From_MOE0501	sender	Блискучий Палець
mail	FM_From_MOE0501	subject	Слухай
mail	FM_From_MOE0502	body	Ви ще нею користуєтесь? Чи знищили? Розібралися, як вона працює?　Моека
mail	FM_From_MOE0502	sender	Блискучий Палець
mail	FM_From_MOE0502	subject	Машина часу
mail	FM_From_MOE0503	body	Що таке таймліп? Розкажи докладно!　Моека
mail	FM_From_MOE0503	sender	Блискучий Палець
mail	FM_From_MOE0503	subject	Що це?
mail	FM_From_MOE0504	body	Що воно таке — той таймліп?!　Моека
mail	FM_From_MOE0504	sender	Блискучий Палець
mail	FM_From_MOE0504	subject	Та що це?!
mail	FM_From_MOE0505	body	Це ж просто неймовірно… Гадаю, справжнє відкриття. Вітаю. Коли плануєте закінчити?　Моека
mail	FM_From_MOE0505	sender	Блискучий Палець
mail	FM_From_MOE0505	subject	Це ж
mail	FM_From_MOE0601	body	Треба поговорити. Уже йду до вас.　Моека
mail	FM_From_MOE0601	sender	Блискучий Палець
mail	FM_From_MOE0601	subject	Окабе-кун
mail	FM_From_MOE0901	body	IBN 5100 мені поки не потрібен.　Моека
mail	FM_From_MOE0901	sender	Блискучий Палець
mail	FM_From_MOE0902	body	Начальство наказало припинити пошуки.　Моека
mail	FM_From_MOE0902	sender	Блискучий Палець
mail	FM_From_MOE0903	body	Звідки ти знаєш про FB? Де ти про це почув?　Моека
mail	FM_From_MOE0903	sender	Блискучий Палець
mail	FM_From_MOE0904	body	Тож IBN 5100 мені поки не потрібен.　Моека
mail	FM_From_MOE0904	sender	Блискучий Палець
mail	FM_From_MOE0905	body	Начальство наказало припинити.　Моека
mail	FM_From_MOE0905	sender	Блискучий Палець
mail	FM_From_MOE0906	body	Звідки ти знаєш про FB? Де ти це почув?　Моека
mail	FM_From_MOE0906	sender	Блискучий Палець
mail	FM_From_OKA0301	body	021219343537
mail	FM_From_OKA0301	sender	Темний Фенікс
mail	FM_From_OKA0302	body	Купи ЛОТО 6
mail	FM_From_OKA0302	sender	Темний Фенікс
mail	FM_From_OKA0303	body	точно виграш!
mail	FM_From_OKA0303	sender	Темний Фенікс
mail	FM_From_OKA0401	body	Не бійся погроз
mail	FM_From_OKA0401	sender	Темний Фенікс
mail	FM_From_OKA0402	body	Асистентки! Слі
mail	FM_From_OKA0402	sender	Темний Фенікс
mail	FM_From_OKA0403	body	дкуй за Судзухою!
mail	FM_From_OKA0403	sender	Темний Фенікс
mail	FM_From_OKA0701	body	Слідкування від
mail	FM_From_OKA0701	sender	Темний Фенікс
mail	FM_From_OKA0702	body	мінити. Той лис
mail	FM_From_OKA0702	sender	Темний Фенікс
mail	FM_From_OKA0703	body	т — пастка SERN.
mail	FM_From_OKA0703	sender	Темний Фенікс
mail	FM_From_SUZ0401	body	Прощай.
mail	FM_From_SUZ0401	sender	Воїн На Півставки
mail	FM_From_SUZ0401	subject	Вибач
mail	FM_From_SUZ0601	body	Прощай.
mail	FM_From_SUZ0601	sender	Джон Тайтор
mail	FM_From_SUZ0601	subject	Дякую
mail	FM_From_TEN0901	body	"M4, може, ти й справді не надто вправна з людьми. Але це можна назвати і твоєю особливістю. Та й зі мною ж ми якось порозумілися, хіба ні? Щиро кажучи, я не знаю нікого, хто працював би так віддано, як ти. Я тобі дуже вдячна. І я рада, що ти стала Раундером. Навіть якщо більше ніхто цього не цінує, я на тебе дивлюся уважно. Пиши мені будь-коли, не соромся.

І ще: ти ж у Нагої — то спробуй якусь місцеву страву. Якщо їсти лише онігірі з крамнички, то й вітамінів не буде. Тобі не смакує ця їхня місова кухня? Але в твоєму віці вже негарно бути такою вибагливою. Найбільше рекомендую місо-нікомі-удон.

Наступне завдання — у Токіо, в Акіхабарі, тож протягом тижня знайди квартиру, куди можна переїхати. Я переказала тобі спеціальну премію. Отже, до зв'язку. Твоя мама, FB."
mail	FM_From_TEN0901	sender	FB
mail	FM_From_TEN0901	subject	Re: Вибачте_що_від_мене_ніякої_користі
mail	FM_From_TIT0201	body	Якщо все, що ти написав у листі, — правда, то це надзвичайно цікаво. Особливо те, що в IBN 5100 є приховані функції: я досі нікому про це не казав. І те, що ти про це знаєш, мене справді дивує. Принаймні я не бував у 2000 році. Хоча можу там побувати згодом. Можливих варіантів три. Перший: Джон Тайтор, який з'явився у 2000-му, — це я з майбутнього. Тобто я, який зараз у 2010-му, згодом потраплю в 2000 рік і переконливо напишу те, що дізнався від тебе. Але тут виникає парадокс: що було перше — курка чи яйце? Другий: це твоя вигадка або марення. Але я хочу серйозно розглянути те, що ти кажеш, тож поки що відкладу цю можливість. Третій: ти міг бачити те, що написав я з іншої світової лінії. Тобто десять років тому ти був на іншій світовій лінії, ніж та, на якій ми зараз. Але тоді дещо не сходиться. Коли світова лінія зсувається, вся причинність від минулого до майбутнього перебудовується так, щоб не виник парадокс. Станом на 2036 рік ця теорія доведена. Тому в тебе взагалі не має бути «пам'яті про іншу світову лінію». Хіба що ти, як і я, мандрівник у часі… Ти маєш якісь припущення на цей рахунок?
mail	FM_From_TIT0201	sender	Джон Тайтор
mail	FM_From_TIT0201	subject	Ти_кажеш_правду?
mail	FM_From_TIT0202	body	Це дуже стара власна мова програмування IBN, яку використовували до 1975 року. Щоб її розшифрувати, потрібен лише IBN 5100.
mail	FM_From_TIT0202	sender	Джон Тайтор
mail	FM_From_TIT0202	subject	Де_ти_це_знайшов?
mail	FM_From_TIT0301	body	Вітаю, Кьома. Я прочитав твій лист. Як ти й припускаєш, ти змінив минуле, і світова лінія зсунулася — тут сумнівів немає. Єдине, чого я не розумію: у тебе збереглася пам'ять про час до зміни минулого. Це справді так?
mail	FM_From_TIT0301	sender	Джон Тайтор
mail	FM_From_TIT0301	subject	Дуже_цікаво
mail	FM_From_TIT0302	body	…Не знаю. Зміна минулого через листи — явище, якого не передбачали навіть у 2036 році, звідки я. Ти цього разу змінив минуле й зсунув світову лінію. Але людей, які зберігають пам'ять крізь світові лінії й можуть спостерігати ці зсуви, досі не було зафіксовано. І все ж… Кьома. Можливо, ти маєш таку силу. Можливо, саме ти здатен повести світ туди, куди потрібно. За межу відхилення в 1%.
mail	FM_From_TIT0302	sender	Джон Тайтор
mail	FM_From_TIT0302	subject	Re: Re: Дуже_цікаво
mail	FM_From_TIT0303	body	Я підтвердив: нинішнє відхилення (коефіцієнт зміни світової лінії) — 0.571015%. У мене є спеціальний вимірювач. Щоправда, суб'єктивний і відносний. Числа до зміни минулого я не знаю: пам'яті про ту світову лінію в мене немає. Те, що я писав на форумі, ніби світ побудований за моделлю Еверетта-Вілера, — вигадка. Насправді він тримається на структурі під назвою «поле атрактора».
mail	FM_From_TIT0303	sender	Джон Тайтор
mail	FM_From_TIT0303	subject	Re: Числа
mail	FM_From_TIT0304	body	Поле атрактора — це, простіше кажучи, скупчення світових ліній, які сходяться до одного результату. Ним можна пояснити й те, що колись звали «долею» чи «випадковістю». Змінювати світову лінію по дрібницях майже немає сенсу: незначні відхилення через збіжність приведуть до того самого кінця. А те, що лежить за межами поля атрактора, за відхиленням в 1%, — це справжня свобода. Поки цю стіну не пробито, майбутнє буде антиутопією. Моя мета — змінити таке майбутнє. І, можливо, силу для цього маєш саме ти.
mail	FM_From_TIT0304	sender	Джон Тайтор
mail	FM_From_TIT0304	subject	Спостереження_збіжності
mail	FM_From_TIT0305	body	"Кьома, я хочу,
щоб ти став месією."
mail	FM_From_TIT0305	sender	Джон Тайтор
mail	FM_From_TIT0305	subject	Майбутнє
mail	FM_From_XXX0001	sender	sg-epk@jtk93.x29.jp
mail	FM_From_XXX0002	sender	sg-epk@jtk93.x29.jp
mail	FM_From_XXX0401	body	Ми за тобою стежимо.
mail	FM_From_XXX0401	sender	patghqwskm@ninesixpbb.com
mail	FM_From_XXX0501	body	Ти знаєш занадто багато.
mail	FM_From_XXX0501	sender	patghqwskm@ninesixpbb.com
mail	FM_From_XXX1101	body	Увімкни телевізор.
mail	FM_From_XXX1101	sender	sg-epk@jtk93.x29.jp
mail	FM_From_XXX1102	sender	sg-epk@jtk93.x29.jp
mail	FM_To_DAR0001	body	Схоже, Макісе Курісу вдарили ножем. Здається, все погано</e>Схоже, Макісе Курісу вдарив ножем якийсь чоловік. Хто — не знаю. Здається, все погано. Що ж тепер буде
mail	FM_To_DAR0001	sender	Дару
mail	FM_To_DAR0001	subject	Кепські справи
mail	FM_To_DAR0901	body	Перед Дайбуру ж є камери схову, так? Перевір просто зараз, чи зайнята велика шафка справа внизу. Прошу. Це дуже важливо.
mail	FM_To_DAR0901	sender	Дару
mail	FM_To_DAR0901	subject	Маю прохання
mail	FM_To_DAR1001	body	Завтра зламуємо SERN. Приходь до лаби об 11.
mail	FM_To_DAR1001	sender	Дару
mail	FM_To_DAR1001	subject	Завтра діємо
mail	FM_To_FEI0701	body	Це Окабе! Терміново озвися! Часу немає!
mail	FM_To_FEI0701	sender	Фейріс
mail	FM_To_FEI0701	subject	Озвися!
mail	FM_To_FEI0702	body	Викрадення то жарт тату люблю тебе ще побачимось
mail	FM_To_FEI0702	sender	future-gadget8@hardbank.ne.jp
mail	FM_To_KRS0401	body	Завтра — термінова нарада, тож усім лаборантам зібратися в лабораторії до 13:00. Відмова від цього виклику не приймається. Прибути обов'язково!
mail	FM_To_KRS0401	sender	Асистентка
mail	FM_To_KRS0401	subject	Плани на суботу
mail	FM_To_KRS0701	body	Ми з Фейріс переховуємося на горішньому поверсі над «Рамен Тасабуро». Тут порожньо, хіба мішки з борошном стоять. Нічого схожого на зброю немає, та й сховатися ніде. Нас переслідують ті Viral Attackers. Не схоже, що з ними можна домовитись, а зі мною Фейріс, тож ризикувати я не можу. Терміново виклич сюди таксі
mail	FM_To_KRS0701	sender	Асистентка
mail	FM_To_KRS0701	subject	Потрібна допомога!
mail	FM_To_LUK0801	body	Так і мало бути. Це я так вирішив, тобі нема через що картатися
mail	FM_To_LUK0801	sender	Рюкако
mail	FM_To_LUK0801	subject	Це мій власний вибір
mail	FM_To_MAY0201	body	Якщо я тобі потрібен — передзвони або напиши
mail	FM_To_MAY0201	sender	Маюрі
mail	FM_To_MAY0201	subject	Ти щойно дзвонила?
mail	FM_To_MAY1001	body	Я теж прийшов на КоміМа, зустріньмося. Ти де?
mail	FM_To_MAY1001	sender	Маюрі
mail	FM_To_MAY1001	subject	Я на місці
mail	FM_To_MAY1002	body	Агов, ти в косплей-зоні? Чи деінде? Відпиши
mail	FM_To_MAY1002	sender	Маюрі
mail	FM_To_MAY1002	subject	Відпиши
mail	FM_To_MOE0101	sender	Блискучий Палець
mail	FM_To_MOE0101	subject	Адреса
mail	FM_To_MOE0102	body	Чутки про IBN 5100 справді ходили. Але це й справді вкрай рідкісний ПК. Кілька фанатів заліза місяць тому обнишпорили всю Акіхабару — і нічого. Міська легенда виявилася пусткою. Ель Псай Конґру
mail	FM_To_MOE0102	sender	Блискучий Палець
mail	FM_To_MOE0102	subject	Re: Чекаю на відповідь
mail	FM_To_MOE0201	body	080-X094-X626
mail	FM_To_MOE0201	sender	Блискучий Палець
mail	FM_To_MOE0201	subject	Подзвони
mail	FM_To_MOE0202	body	Дай свій номер телефону. І повідом усе, що ти знаєш про IBN 5100
mail	FM_To_MOE0202	sender	Блискучий Палець
mail	FM_To_MOE0202	subject	Re: Re: Подзвони
mail	FM_To_MOE0203	body	Припини слати листи по шматочку. Благаю, збери все, що хочеш сказати, і надішли разом!
mail	FM_To_MOE0203	sender	Блискучий Палець
mail	FM_To_MOE0203	subject	Re: Re: Re: Re: Подзвони 2
mail	FM_To_MOE0204	body	От і добре. Я теж узявся шукати IBN 5100. Обмінюймося інформацією. На цей лист відповідати не треба
mail	FM_To_MOE0204	sender	Блискучий Палець
mail	FM_To_MOE0204	subject	Re: Вибачаюся, якщо заважаю
mail	FM_To_MOE0205	body	Річ у мене. Кінець зв'язку
mail	FM_To_MOE0205	sender	Блискучий Палець
mail	FM_To_MOE0205	subject	Re: Є новини?
mail	FM_To_MOE0206	body	На жаль, власник не я, тож віддати не можу
mail	FM_To_MOE0206	sender	Блискучий Палець
mail	FM_To_MOE0206	subject	Re: Re: Re: Є новини?
mail	FM_To_MOE0207	body	Позичити теж не вийде. Подивитися — будь ласка, приходь до нашої лабораторії. Ось адреса. Чійода-ку, Сотоканда 3-6-\#\#, будівля Охіяма, 2-й поверх
mail	FM_To_MOE0207	sender	Блискучий Палець
mail	FM_To_MOE0207	subject	Re: Re: Re: Re: Re: Є новини?
mail	FM_To_MOE0208	body	IBN 5100 у мене. Позичити не можу, але як хочеш подивитися — приходь до нашої лабораторії. Ось адреса. Чійода-ку, Сотоканда 3-6-\#\#, будівля Охіяма, 2-й поверх
mail	FM_To_MOE0208	sender	Блискучий Палець
mail	FM_To_MOE0208	subject	Re: Забув сказати
mail	FM_To_MOE0401	body	Гаразд. Лаборант номер 005, Блискучий Палець. Негайно прибувай до лабораторії
mail	FM_To_MOE0401	sender	Блискучий Палець
mail	FM_To_MOE0401	subject	Re: І я теж
mail	FM_To_MOE0402	body	Щойно прочитаєш цей лист — одразу вийди на зв'язок
mail	FM_To_MOE0402	sender	Блискучий Палець
mail	FM_To_MOE0402	subject	Це я!
mail	FM_To_MOE0403	body	Я дістав IBN 5100. Ти знала?
mail	FM_To_MOE0403	sender	Блискучий Палець
mail	FM_To_MOE0403	subject	Термінова перевірка
mail	FM_To_MOE0601	body	Маю важливу розмову про машину часу, хочу зустрітися лише з тобою. Біля UPX під шляхопроводом є парковка. Там о п'ятій, згода? Приходь обов'язково сама. Інакше я нічого не скажу
mail	FM_To_MOE0601	sender	Блискучий Палець
mail	FM_To_MOE0601	subject	Цілком таємно
mail	FM_To_MOE0901	body	Можемо зустрітися зараз? Маю термінову справу.
mail	FM_To_MOE0901	sender	Блискучий Палець
mail	FM_To_MOE0901	subject	Це Окабе
mail	FM_To_MOE0902	body	Час міняти модель. Скоро розберуть, не дістанеш
mail	FM_To_MOE0902	sender	future-gadget8@hardbank.ne.jp
mail	FM_To_MOE0903	body	GG01 — топ. Не поміняєш зараз — прогавиш
mail	FM_To_MOE0903	sender	future-gadget8@hardbank.ne.jp
mail	FM_To_MOE0904	body	Міняй модель! Твій телефон проклятий, несе біду
mail	FM_To_MOE0904	sender	future-gadget8@hardbank.ne.jp
mail	FM_To_MOE0905	body	Не ходи в святилище, це пастка, речі там немає!
mail	FM_To_MOE0905	sender	future-gadget8@hardbank.ne.jp
mail	FM_To_MOE0906	body	Пошук ретро-ПК припинити, чекати, з місця не рухатись
mail	FM_To_MOE0906	sender	future-gadget8@hardbank.ne.jp
mail	FM_To_MOE0907	body	Пошук ретро-ПК припинити, чекати, з місця не рухатись
mail	FM_To_MOE0907	sender	future-gadget8@hardbank.ne.jp
mail	FM_To_OKA0301	body	021219343537 Купуй ЛОТО СІКС виграш точний!
mail	FM_To_OKA0301	sender	ТелефоноХвильовка (робоча назва)
mail	FM_To_OKA0401	body	Не піддавайся Курісу, сідай на хвіст Судзусі!
mail	FM_To_OKA0401	sender	ТелефоноХвильовка (робоча назва)
mail	FM_To_OKA0601	body	Стеження відміна, той лист — пастка SERN
mail	FM_To_OKA0601	sender	ТелефоноХвильовка (робоча назва)
mail	FM_To_TIT0201	body	"・2015 року розпочнеться Третя світова війна
</d>・До 2036 року Земля забруднена після ядерної війни
</d>・Ви подорожували з 2036-го в 1975-й, щоб дістати IBN 5100
</d>・IBN 5100 має приховану функцію.
</d>・Про неї знають лише окремі інженери IBN.
</d>・1998 року в Америці ви бачилися з «собою малим» і «своїми ще молодими батьками»
</d>・Ви були військовим і добровільно пішли в подорожі в часі
</d>・Ви американець

</d>Так ви описували себе десять років тому. Чому нинішні ваші слова інші?

І ще: десять років тому Джон залишив кілька пророцтв, частина справдилася, частина — ні. Якщо Джон із майбутнього, то чому пророцтва не справдилися?

Хотів би почути переконливе пояснення"
mail	FM_To_TIT0201	sender	Джон Тайтор
mail	FM_To_TIT0201	subject	Перепрошую за раптовий лист
mail	FM_To_TIT0202	body	Ви можете сказати, що це за програмний код?
mail	FM_To_TIT0202	sender	Джон Тайтор
mail	FM_To_TIT0202	subject	Re: Ви справжній?
mail	FM_To_TIT0301	body	Дякую за пояснення щодо IBN 5100. Той програмний код — база даних SERN. Тепер про інше: я зумів створити машину, яка надсилає листи в минуле. Якщо надіслати лист у минуле й змінити його, чи змінюється світова лінія? Частина подій стала «такою, що не відбувалася», — чи є ще якісь наслідки? Ви казали, що світ побудований за багатосвітовою інтерпретацією; хотів би почути, на чому це ґрунтується.
mail	FM_To_TIT0301	sender	Джон Тайтор
mail	FM_To_TIT0301	subject	Маю питання
mail	FM_To_TIT0302	body	Це факт. Таке саме траплялося й раніше. Що це означає?
mail	FM_To_TIT0302	sender	Джон Тайтор
mail	FM_To_TIT0302	subject	Re: Цікаво
mail	FM_To_TIT0303	body	Що таке відхилення? Як саме вимірюють цей показник?
mail	FM_To_TIT0303	sender	Джон Тайтор
mail	FM_To_TIT0303	subject	Показник
mail	FM_To_TIT0304	body	Що таке поле атрактора? Що ж, власне, лежить за межею відхилення в 1\%?
mail	FM_To_TIT0304	sender	Джон Тайтор
mail	FM_To_TIT0304	subject	Той бік
mail	FM_To_TIT0501	body	Чи немає у вас дочки на ім'я Судзуха? Або, може, вам відоме ім'я Баррел Тайтор? Якщо щось із цього вам знайоме — вийдіть на зв'язок. Вона вас шукає.
mail	FM_To_TIT0501	sender	Джон Тайтор
mail	FM_To_TIT0501	subject	Особисте питання
mail	FM_To_XXX0901	body	FBFBFBFBFBFBFBFBFBFBFBFBFBFBFBFBFBFBFBFBFBFBFBFBFBFBFBFBFBFBFBFBFBFBFBFBFBFBFBFBFBFBFBFBFBFBFBFBFBFBFBFBFBFBFBFBFBFBFBFBFBFBFBFBFBFBFBFBFBFBFBFBFBFBFBFBFBFBFBFBFBFBFBFBFBFBFBFBFBFBFBFBFBFBFBFBFBFBFBFBFBFBFBFBFBFBFBFBFBFBFBFBFBFBFBFBFBFBFBFBFBFBFBFBFBFBFBFBFBFBFBFBFBFBFBFBFBFBFBFBFBFBFBFBFBFBFBFBFBFBFBFBFBFBFBFBFBFBFBFBFBFBFBFBFBFBFBFBFBFBFBFBFBFBFBFBFBFBFBFBFBFBFBFBFBFBFBFBFBFBFBFB
mail	FM_To_XXX0901	sender	FB
mail	RM_From_CRS04_01_A	body	《Звіт》 ти таки написав, я сподіваюся? І щоб ти знав: учора я жартувати не збиралася. Якщо не написав, то Окабе не має жодного права називати себе 《науковцем》. Про те, наскільки важливі наукові праці, я 《знаю краще》 за тебе, першачка, який щойно вступив до університету!
mail	RM_From_CRS04_01_A	sender	Асистентка
mail	RM_From_CRS04_01_A	subject	Написав?
mail	RM_From_CRS04_02_A	body	Який ще «безумний»? Ти дурний? Ти ж просто «безнадійний учений»!
mail	RM_From_CRS04_02_A	sender	Асистентка
mail	RM_From_CRS04_02_A	subject	Науковець??
mail	RM_From_CRS04_03_A	body	Не смій називати це «дідівським жартом»!
mail	RM_From_CRS04_03_A	sender	Асистентка
mail	RM_From_CRS04_03_A	subject	Безнадійний_учений
mail	RM_From_CRS04_03_B	body	Тобто «безумний безумний учений»? Це рівень «масло масляне» (лол) чи «болючий біль» (лол).
mail	RM_From_CRS04_03_B	sender	Асистентка
mail	RM_From_CRS04_03_B	subject	Безумний
mail	RM_From_CRS04_04_A	body	Заодно купи мені виделку? Хочу «власну виделку». І «локшину в стакані» на вечерю. Здається, є така марка — «Рамен Ґен-чана». Ось її.
mail	RM_From_CRS04_04_A	sender	Асистентка
mail	RM_From_CRS04_04_A	subject	Можна попросити?
mail	RM_From_CRS04_04_B	body	Я ж «стороння», нагадую. Нічого, що ти лишаєш мене тут саму? Я можу поцупити всі твої дорогоцінні «Гаджети Майбутнього» і зникнути.
mail	RM_From_CRS04_04_B	sender	Асистентка
mail	RM_From_CRS04_04_B	subject	Сама_вдома
mail	RM_From_CRS04_04_C	body	Японські телепрограми всі якісь «пусті», хіба ні? Хоча в Америці я теж дивила лише новини й «серіали».
mail	RM_From_CRS04_04_C	sender	Асистентка
mail	RM_From_CRS04_04_C	subject	Нудно
mail	RM_From_CRS04_05_A	body	Це «ганьба» — щоб мене вважали твоєю спільницею. Люди почнуть сумніватися в моїй порядності. Хай там як, закінчуй свої справи і швидко повертайся.
mail	RM_From_CRS04_05_A	sender	Асистентка
mail	RM_From_CRS04_05_A	subject	Щооо?
mail	RM_From_CRS04_05_B	body	Якби вибирала, то з усього цього взяла б оту куля-привид штуку. Виглядає майже як арт, ні? «Але я відмовляюсь».
mail	RM_From_CRS04_05_B	sender	Асистентка
mail	RM_From_CRS04_05_B	subject	Гаджет_Майбутнього
mail	RM_From_CRS04_06_A	body	І спека. Давно я не бачила «японського літа», але не пам'ятаю, щоб було так душно… «Помру ж».
mail	RM_From_CRS04_06_A	sender	Асистентка
mail	RM_From_CRS04_06_A	subject	Вологість зашкалює
mail	RM_From_CRS04_06_B	body	Забула сказати: купи локшину в стакані на вечерю? Є така марка — «Хакодате номер один». Ось її.
mail	RM_From_CRS04_06_B	sender	Асистентка
mail	RM_From_CRS04_06_B	subject	Є_прохання
mail	RM_From_CRS04_06_C	body	Гяяя! «Тарган»! ГЕЛП! HELP MEEE!
mail	RM_From_CRS04_06_C	sender	Асистентка
mail	RM_From_CRS04_06_C	subject	фджкл!
mail	RM_From_CRS04_06_D	body	Беру одну Dk Pepper з холодильника, гаразд?
mail	RM_From_CRS04_06_D	sender	Асистентка
mail	RM_From_CRS04_06_D	subject	Dk Pepper
mail	RM_From_CRS04_06_E	body	Хоча якщо тверезо подумати — «що я тут узагалі роблю»? Я ж мала давно вже повернутися до «Америки».
mail	RM_From_CRS04_06_E	sender	Асистентка
mail	RM_From_CRS04_06_E	subject	Дивлюся_на_свою_руку
mail	RM_From_CRS04_07_A	body	Я ні слова не казала про «Рамен Ґен-чана». Щось не так?
mail	RM_From_CRS04_07_A	sender	Асистентка
mail	RM_From_CRS04_07_A	subject	Це_«Хакодате_номер_один»!
mail	RM_From_CRS04_07_B	body	«Нае-чан» його прибила. Врятувала мене… Японські таргани великі й швидкі. Надто страшно.
mail	RM_From_CRS04_07_B	sender	Асистентка
mail	RM_From_CRS04_07_B	subject	Тарган
mail	RM_From_CRS04_08_A	body	Про Браму Штейна не знаю, та якщо мислити теорією хаосу — може, й вийде з'ясувати, де саме ти збив мої шестерні з ходу лол. Хай там як, відповідай за те, що втягнув мене.
mail	RM_From_CRS04_08_A	sender	Асистентка
mail	RM_From_CRS04_08_A	subject	Те,_що_я_тут
mail	RM_From_CRS05_01_A	body	Токіо — Аоморі синкансеном це понад 15 000 єн з людини, а нічним автобусом — трохи більше 5 000. Що вибираєш? «Дорогу» я збиралася оплатити сама. Але в мене на руках не так багато. Я живу в готелі, але я тобі не зірочка. Мама щодо грошей досить сувора. А якщо дізнається, що я їздила до батька, то взагалі мене вб'є лол. Тож, щоб зекономити, поїдемо «нічним автобусом»?
mail	RM_From_CRS05_01_A	sender	Асистентка
mail	RM_From_CRS05_01_A	subject	Плани
mail	RM_From_CRS05_02_A	body	Ніхто тут не радіє, дурню! Помри! Та що з тобою?!
mail	RM_From_CRS05_02_A	sender	Асистентка
mail	RM_From_CRS05_02_A	subject	Дурень!
mail	RM_From_CRS05_02_B	body	Добре, що ти так кажеш, це полегшує. Поки що працюю над Машиною Таймліпу. Я ж таки лаборант лол
mail	RM_From_CRS05_02_B	sender	Асистентка
mail	RM_From_CRS05_02_B	subject	Нічний_автобус
mail	RM_From_CRS05_03_A	body	Вибач, я перегнула（´・ω・`） Але й ти, Окабе, міг би добирати слова…?
mail	RM_From_CRS05_03_A	sender	Асистентка
mail	RM_From_CRS05_03_A	subject	（´・ω・`）
mail	RM_From_CRS07_01_A	body	Ой, у лабі нікого. 《Ключа немає》, тож я не можу зайти. Коли ти сьогодні прийдеш? Я вже якось звикла, що Окабе завжди на місці. Ніби я ходжу в гості до тебе 《додому》. Ні, не те щоб я хотіла ходити до тебе додому!
mail	RM_From_CRS07_01_A	sender	Асистентка
mail	RM_From_CRS07_01_A	subject	ключа немає (ﾉД`)
mail	RM_From_CRS07_02_A	body	Ключ знайшла без проблем. Але тобі не здається, що з 《безпекою》 у вас надто слабо? І з таким недбальством ви полізли 《битися》 з SERN, лол. І ще: що це за 《жаба》 лежала разом із ключем? Чий це смак? Тільки хворий поставив би таку гидоту. …Насправді я від неї добряче підскочила, але це 《секрет》, лол, добре?
mail	RM_From_CRS07_02_A	sender	Асистентка
mail	RM_From_CRS07_02_A	subject	( ﾟдﾟ )
mail	RM_From_CRS07_02_B	body	Певно, у тебе в кімнаті гармидер. І в лабі теж гармидер 《через вас, хлопців》. Хоча я й сама така, коли з головою в експерименті, лол. Наступного разу принесу освіжувач. Дезінфікуємо 《бруд》, щоб таргани не завелися! 《Х'яххаа》!
mail	RM_From_CRS07_02_B	sender	Асистентка
mail	RM_From_CRS07_02_B	subject	дім
mail	RM_From_CRS07_03_A	body	обжерлася піци, лол
mail	RM_From_CRS07_03_A	sender	Асистентка
mail	RM_From_CRS07_03_A	subject	жабка геро
mail	RM_From_CRS07_04_A	body	《Електронні замки й картки-ключі》 — ти це серйозно? А 《гроші》 хто дасть? Як завжди, одні мрії та маячня. Пора вже й на 《реальність》 глянути.
mail	RM_From_CRS07_04_A	sender	Асистентка
mail	RM_From_CRS07_04_A	subject	ти марииш, ясно
mail	RM_From_CRS07_04_B	body	Так, але мені все одно хотілося б побачити ВАК на власні очі. До всієї цієї історії SERN був для мене чимось на кшталт мрії. Хоч до нейронауки він і не має жодного стосунку, лол.
mail	RM_From_CRS07_04_B	sender	Асистентка
mail	RM_From_CRS07_04_B	subject	Re: Re: ВАК
mail	RM_From_CRS07_04_C	body	Років три тому каталася на 《американських гірках》 і так вчепилася в маму, що випадково взяла її на задушливий захват і вирубила. Отже, доведено: я аж ніяк не 《слабачка》.
mail	RM_From_CRS07_04_C	sender	Асистентка
mail	RM_From_CRS07_04_C	subject	Re: слабачка
mail	RM_From_CRS07_04_D	body	※Тільки якщо він красунчик, ясно. А ви з Хашідою надто слабенькі, лол.
mail	RM_From_CRS07_04_D	sender	Асистентка
mail	RM_From_CRS07_04_D	subject	※
mail	RM_From_CRS07_04_E	body	Хашіда, часом, не 《фетишист на запахи》? Він час від часу підходить і 《принюхується》 до мене. Скажи йому щось, будь ласка.
mail	RM_From_CRS07_04_E	sender	Асистентка
mail	RM_From_CRS07_04_E	subject	щодо запахів
mail	RM_From_CRS07_04_F	body	«《Розкажу все як було, без прикрас》» я підхопила на @чані. Першоджерела не знаю. Знаю тільки, що там 《малюнок якийсь дивний》.
mail	RM_From_CRS07_04_F	sender	Асистентка
mail	RM_From_CRS07_04_F	subject	ГОГОГОГОГО
mail	RM_From_CRS07_05_A	body	У нашій університетській лабораторії — картки-ключі й сканер відпечатків. Виглядає доволі стильно. Але для цієї лаби це, певно, задорого.
mail	RM_From_CRS07_05_A	sender	Асистентка
mail	RM_From_CRS07_05_A	subject	відпечаток
mail	RM_From_CRS07_05_B	body	Не сміши, жодної премії мені за це не дали. У мене й так із грошима сутужно. Настільки, що доводиться майже щодня сидіти в лабі. Може, і спати тут почну? Через тебе я в Японії досі, тож ти ж не проти?
mail	RM_From_CRS07_05_B	sender	Асистентка
mail	RM_From_CRS07_05_B	subject	гроші
mail	RM_From_CRS07_05_C	body	Не можу зрозуміти, це правда чи знову твоє звичне дуркування… Окабе, справа серйозна. Ти перетворюєшся на хлопчика, що кричав «вовки». Тому надалі мені кажи тільки правду. Прошу.
mail	RM_From_CRS07_05_C	sender	Асистентка
mail	RM_From_CRS07_05_C	subject	реальність
mail	RM_From_CRS07_05_D	body	Японські будинки з привидами мене не цікавлять, у привидів я не вірю, тож і не страшно. Страшніше — транспорт. Немає нічого вірогіднішого за катастрофу через людську помилку водія.
mail	RM_From_CRS07_05_D	sender	Асистентка
mail	RM_From_CRS07_05_D	subject	американські гірки
mail	RM_From_CRS07_05_E	body	Не я, а Хашіда! Не плутай навмисно, здохни! І що, тебе взагалі не бентежить, що Хашіда мене обнюхує? Хоч би раз подумав спинити його збоченські вибрики…
mail	RM_From_CRS07_05_E	sender	Асистентка
mail	RM_From_CRS07_05_E	subject	фетиш
mail	RM_From_CRS07_05_F	body	Я, між іншим, щодня приймаю душ! Хочеш — вертайся негайно, дам понюхати! Задихнешся від мого солодкого аромату і здохнеш! І ще: ти ж таки підглядав тоді… Мене вперше в житті бачив голою чоловік, ясно тобі ＼(＾o＾)／
mail	RM_From_CRS07_05_F	sender	Асистентка
mail	RM_From_CRS07_05_F	subject	які це чоловіки кажуть дівчині що вона смердить
mail	RM_From_CRS07_05_G	body	Мемета! (｀・ω・´)
mail	RM_From_CRS07_05_G	sender	Асистентка
mail	RM_From_CRS07_05_G	subject	Жар, що спалює дотла!
mail	RM_From_CRS07_05_H	body	Дарма, дарма, дарма, дарма! Дорожній коток!
mail	RM_From_CRS07_05_H	sender	Асистентка
mail	RM_From_CRS07_05_H	subject	Ти ж дивишся, так?!
mail	RM_From_CRS08_01_A	body	С-Стій, що це щойно було?! Це ж були обійми з любов'ю! Аж заздрю, серйозно… А, ні, я не про те, що заздрю твоїм обіймам, а про те, що є з ким так по-справжньому обійматися! Не зрозумій неправильно! Так 《що це взагалі》 було?
mail	RM_From_CRS08_01_A	sender	Асистентка
mail	RM_From_CRS08_01_A	subject	поясни і докажи!
mail	RM_From_CRS08_02_A	body	Дідько, а до мене ти тільки чіпляєшся! ヽ(`Д´)ﾉ
mail	RM_From_CRS08_02_A	sender	Асистентка
mail	RM_From_CRS08_02_A	subject	та ну, брехня
mail	RM_From_CRS08_03_A	body	Мені байдуже, що ти завів собі дівчину й тепер літаєш, але подумай нарешті, що робити з Машиною Таймліпу. Ми зробили щось страшне. Це не та річ, яку можна просто відкласти вбік. Треба зібрати всіх лаборантів і вирішити, що далі. Я знаю, що ти це для Маюрі. Знаю — і все одно кажу. Не думай тільки про Урушібару-сан. Якщо чесно, мені аж тепер стало по-справжньому лячно від того монстра, якого я власноруч зібрала, і я ніяк не можу заспокоїтись… Мабуть, мені стало б легше, якби ми з тобою просто побалакали про це, як завжди — то так, то так.
mail	RM_From_CRS08_03_A	sender	Асистентка
mail	RM_From_CRS08_03_A	subject	Від непопулярної дівчини
mail	RM_From_CRS09_01_A	body	Що там з тією Кірю? Напиши хоч, чи ти живий! І не мели дурниць типу «я вже мертвий», добре? Слухай, хоч емейлом, але 《відповідь》 напиши. Бо я так і буду 《хвилюватися》, мені кусок у горло не лізе.
mail	RM_From_CRS09_01_A	sender	Асистентка
mail	RM_From_CRS09_01_A	subject	Відповідай, ідіоте!
mail	RM_From_CRS09_02_A	body	Не ігноруй нас, як учора. Не тільки я — Маюрі й Хашіда теж чекають. Я не хочу бачити Маюрі заплаканою.
mail	RM_From_CRS09_02_A	sender	Асистентка
mail	RM_From_CRS09_02_A	subject	Re: Re: Відповідай, ідіоте!
mail	RM_From_CRS09_02_B	body	Відповідаю запізно, але вислухай. Мені вже байдуже на Аоморі. Я просто хочу, щоб ти був живий, Окабе. Коли ти ігноруєш мене, як учора, всередині так болить, ніби щось вирвали. Тому вертайся швидше…
mail	RM_From_CRS09_02_B	sender	Асистентка
mail	RM_From_CRS09_02_B	subject	Re: Re: Відповідай, ідіоте!
mail	RM_From_CRS10_01_A	body	Ти вже два дні не з'являєшся в лабі — де ти? Ти ж в Акіхабарі, так? Ясно, у тебе щось на думці, правда? Позавчора ти був якийсь дивний. Я тебе вислухаю, тільки скажи 《де ти》. Коли тебе нема поруч, усе якось не так. Ну, де ти? Де? Я хочу тебе побачити…
mail	RM_From_CRS10_01_A	sender	Асистентка
mail	RM_From_CRS10_01_A	subject	Ти де?
mail	RM_From_FE03_02C	body	《Віщі вірші》 FES досі живі, няв. Поки 《Ті》 не дотяглися, Фейріс має розшифрувати з цих віщувань, де 《Свята Земля》, няв!
mail	RM_From_FE03_02C	sender	Фейріс
mail	RM_From_FE03_02C	subject	Exactry (саме так, панове)
mail	RM_From_FEI01_01_A	body	Кьома непогано тримається, няв. Хто б думав, що ти 《здогадаєшся》. А якщо так — то ти вже знаєш, няв. Що 《Червоний Південний Хрест》 уже дійшов до 《стадії вилуплення》. Саме тому Фейріс і має піти до «Святої Землі»… Ні, нічого, няв.
mail	RM_From_FEI01_01_A	sender	Фейріс
mail	RM_From_FEI01_01_A	subject	Вирішальна битва вже близько, няв
mail	RM_From_FEI01_02_A	body	Не кажи мені, що не зрозумів, няв. Як ти думаєш, для чого Фейріс заманила Кьому в те кафе, няв? «Історія» вже почала рухатись. І це Фейріс усе для неї підготувала. Бо Фейріс — «та, що веде», нявн.
mail	RM_From_FEI01_02_A	sender	Фейріс
mail	RM_From_FEI01_02_A	subject	Прикидатися марно, няв
mail	RM_From_FEI01_02_B	body	Носії первородного гріха — вони ж і пророки, няв. І серед них є дівчина, яку звуть «падший ангел, що прийняв Хаос», няв. Прикріпляю фото — запам'ятай обличчя добре, няв. До речі, якщо в тебе нема стійкості, від одного погляду на знімок тебе прошиє Око Бога, почнеться збудження первородного гріха (режим примусового вивільнення рецептора 666) на атомарному рівні — і ти зникнеш. Тож обережно, няв!
mail	RM_From_FEI01_02_B	sender	Фейріс
mail	RM_From_FEI01_02_B	subject	Отже, так і було, няв
mail	RM_From_FEI01_02_C	body	Саме тому й треба швидше знайти «чотирнадцятого чоловіка», няв. Він напевно в «Соколиному гнізді» — Орлиній В'язниці, яка десь тут, в Акібі, нявн.
mail	RM_From_FEI01_02_C	sender	Фейріс
mail	RM_From_FEI01_02_C	subject	Це вже надзвичайний стан, няв
mail	RM_From_FEI02_01_A	body	Кьомо… не варто 《надто виставлятися》 на 《видноті》, няв. Бо Ті тебе помітять, няв. Не забувай: на «виклик» пішло 《2000 років》. Якщо ці дві тисячі полетять шкереберть… та ні, хоча, може, це було б навіть 《цікаво》, нявн. Няхаха♪
mail	RM_From_FEI02_01_A	sender	Фейріс
mail	RM_From_FEI02_01_A	subject	Рівень первородного гріха зріс до 180%
mail	RM_From_FEI02_02_A	body	Ніхто й слова не казав, що Акіба — це видноті, няв. Якщо хочеш знати «істину світу» — приходь до Фейріс негайно, няв. Так, прелюдія до згуби, великий бенкет — усе починається саме зараз, няв.
mail	RM_From_FEI02_02_A	sender	Фейріс
mail	RM_From_FEI02_02_A	subject	Істина світу
mail	RM_From_FEI02_02_B	body	Ти що, збираєшся зіткнутися з ними в лоб, няв? Тоді Акіба потоне в морі крові, няв. Стримайся, Кьомо!
mail	RM_From_FEI02_02_B	sender	Фейріс
mail	RM_From_FEI02_02_B	subject	Це божевілля, няв!
mail	RM_From_FEI02_02_C	body	Але воскресіння «Його» було віщовано в піснях падшого ангела FES, няв. «Намисто таємного вчення», нявн. Дуже гарна пісня, няв♪ Нещодавно Фейріс дістала альбом її інді-часів (за преміальну ціну, няв) — і нарешті розшифрувала всі віщі вірші про «Судний день», няв.
mail	RM_From_FEI02_02_C	sender	Фейріс
mail	RM_From_FEI02_02_C	subject	Віща пісня
mail	RM_From_FEI02_02_D	body	Кьома жадає хаосу… так же, няв? (￣ー￣)
mail	RM_From_FEI02_02_D	sender	Фейріс
mail	RM_From_FEI03_01_A	body	Кьомо, ти купив дебютний мейджор-сингл 《PHANTASM》, няв? Це 《головна тема》 «RaiNet Kakeru», страшенно популярна, няв. Фейріс купила п'ять примірників, нявн. Ну, для райнеттерки це святий обов'язок, нявн. До речі, в піснях PHANTASM схована 《величезна таємниця》… Ой, дзвінок у двері, няв. Хтось прийшов, нявн. Піду глянути, няв.
mail	RM_From_FEI03_01_A	sender	Фейріс
mail	RM_From_FEI03_01_A	subject	PHANTASM — це просто мурр♪
mail	RM_From_FEI03_02A	body	Вокалістку FES звуть і «падший ангел, що прийняв 《Хаос》», і «《Коцит》 Форс Блізард», няв. З інді-часів у неї трохи 《змінилася аура》, няв.
mail	RM_From_FEI03_02A	sender	Фейріс
mail	RM_From_FEI03_02A	subject	Вокалістка — красуня
mail	RM_From_FEI03_02B	body	Це OP другого сезону 《RaiNet Kakeru》, няв. Іде з 14-ї серії, нявн. Мега крутий, ня-я-яв. Начебто минулого року про неї говорили в інді-сцені 《Шібуї》, але хто б думав, що вона вийде в мейджор, няв.
mail	RM_From_FEI03_02B	sender	Фейріс
mail	RM_From_FEI03_02B	subject	OP другого сезону RaiNet
mail	RM_From_FEI03_03_A	body	Стань хаосом, няв.
mail	RM_From_FEI03_03_A	sender	Фейріс
mail	RM_From_FEI03_03_A	subject	Re: Re: Вокалістка — красуня
mail	RM_From_FEI03_03_B	body	Супротивник помирає, няв.
mail	RM_From_FEI03_03_B	sender	Фейріс
mail	RM_From_FEI03_03_B	subject	Re: Re: Вокалістка — красуня
mail	RM_From_FEI03_03_C	body	Раніше вона здавалася такою неприступною, няв. Холодна як крига, і не підійдеш, нян. Але кажуть, останнім часом вона іноді усміхається на сцені, няв! Усмішка ФЕС-сами! Ня-я-я, хочу побачити, няв. Тільки б її не заплямували ці журналюги своїми лапами, няв.
mail	RM_From_FEI03_03_C	sender	Фейріс
mail	RM_From_FEI03_03_C	subject	Виросла як людина?
mail	RM_From_FEI03_03_D	body	До речі, ось про що була 13 серія — фінал першого сезону, няв. Колись позичу тобі DVD, няв! А, хоча в Маюші, певно, швидше буде взяти, нян.
mail	RM_From_FEI03_03_D	sender	Фейріс
mail	RM_From_FEI03_03_D	subject	РайНет, 13 серія
mail	RM_From_FEI03_03_E	body	Подробиць не скажу, няв. Але ФЕС своїми піснями співає апокаліпсис — тобто загибель світу, няв.
mail	RM_From_FEI03_03_E	sender	Фейріс
mail	RM_From_FEI03_03_E	subject	То апокаліпсис
mail	RM_From_FEI03_03_F	body	Зупинитися не можу, няв. «День суду» вже близько. Тому Фейріс мусить іти, няв. До «святині». Саме туди Фейріс має повернутися, нян.
mail	RM_From_FEI03_03_F	sender	Фейріс
mail	RM_From_FEI03_03_F	subject	День суду
mail	RM_From_FEI03_03_G	body	Що ти таке кажеш, няв?! Святиня точно там! Бо якщо ні, то що ж буде з братиком Фейріс, з братиком…! Тому, Кьомо, не кажи такого просто так, няв!
mail	RM_From_FEI03_03_G	sender	Фейріс
mail	RM_From_FEI03_03_G	subject	Вічність існує
mail	RM_From_FEI04_01_A	body	Жах, няв, «Той» утік, няв! Якщо його не зловити й не вбити, на Акібу впаде страшна біда, няв! Ім'я його — «Кінець Чю-Туторіалу». Малий, шустрий, пищить «чу-чу», няв! Кьомо, швидше сюди! Фейріс потрібна твоя «допомога», нян!
mail	RM_From_FEI04_01_A	sender	Фейріс
mail	RM_From_FEI04_01_A	subject	Знак великої біди
mail	RM_From_FEI04_02_A	body	Урешті, Фейріс сама не розуміє своєї сили, няв. Чому в Фейріс, на відміну від інших, є «котячі вушка»? Чому Фейріс може говорити тільки «нявнянською»? Де та батьківщина, «Зоря Шиншили»? Хочу знати правду. Тому Фейріс іде, няв! Туди, де є відповіді, яких вона хоче!
mail	RM_From_FEI04_02_A	sender	Фейріс
mail	RM_From_FEI04_02_A	subject	Про здібності
mail	RM_From_FEI04_02_B	body	Я ж казала! «Занадто пізно», няв!
mail	RM_From_FEI04_02_B	sender	Фейріс
mail	RM_From_FEI04_02_B	subject	Катастрофа, няв…
mail	RM_From_FEI04_03_A	body	Котячі лапки точно зроблені з розради. Вибач, що сьогодні не змогла прийти, няв.
mail	RM_From_FEI04_03_A	sender	Фейріс
mail	RM_From_FEI04_03_A	subject	29Q
mail	RM_From_FEI04_03_B	body	Вибач, що сьогодні не змогла прийти, няв. Зате мені дістався смачний чай «Канням-Каннням», тож наступного разу принесу поділитися. Попийте всі разом, нян♪
mail	RM_From_FEI04_03_B	sender	Фейріс
mail	RM_From_FEI04_03_B	subject	Хоч і котячий язик, няв
mail	RM_From_FEI04_03_C	body	Вибач, що сьогодні не змогла прийти, няв. Фейріс тренується перед гранд-чемпіонатом RaiNet AB, нян. Хочу розгромити всіх, як у «8 серії», няв.
mail	RM_From_FEI04_03_C	sender	Фейріс
mail	RM_From_FEI04_03_C	subject	Re:Re:8 серія
mail	RM_From_FEI04_04_A	body	Ясно ж, що RaiNet Kakeru, няв!
mail	RM_From_FEI04_04_A	sender	Фейріс
mail	RM_From_FEI04_04_A	subject	Як «8 серія», то
mail	RM_From_FEI05_01_A	body	Як там Маюші, няв? Передай їй, хай тримається на КоміМа, няв. Фейріс цього року, мабуть, не зможе прийти, нян. Якось немає «сил», няв. Зараз я вся вигоріла… догоріла… «встань, Джо, вставай, Джо», отакий стан, нян… Хтось… «врятуйте» мене, няв… Світ… «розсипається», няв…
mail	RM_From_FEI05_01_A	sender	Фейріс
mail	RM_From_FEI05_01_A	subject	А КоміМа
mail	RM_From_FEI05_02_A	body	По телефону я тоді бодрилася навмисне, няв… А насправді хочеться просто повіситися, няв…
mail	RM_From_FEI05_02_A	sender	Фейріс
mail	RM_From_FEI05_02_A	subject	Re:Re:А КоміМа
mail	RM_From_FEI05_02_B	body	Втрата сенсу існування. На мене не дивляться. А я хочу, щоб дивилися. Бо іншого способу я не знаю. Кричи — ніхто не почує. До того, хто мав би обернутися, не долітає. Переможена собака блукає пильним містом під теплим дощем. А Фейріс же тут. «Знайдіть мене хтось».
mail	RM_From_FEI05_02_B	sender	Фейріс
mail	RM_From_FEI05_02_B	subject	Re:Re:А КоміМа
mail	RM_From_FEI05_02_C	body	У такі хвилини слухаю PHANTASM і занурююся ще глибше в темряву, няв… Кьомо, посидь зі мною.
mail	RM_From_FEI05_02_C	sender	Фейріс
mail	RM_From_FEI05_02_C	subject	Re:Re:А КоміМа
mail	RM_From_MAY01_01_A	body	Знаєш, аж тепер Маюші стало так сумно, що загубила «Упу». Може, навіть сумніше, ніж коли минулого року не змогла купити товстунчика «Жабку Геро» ＞＜
mail	RM_From_MAY01_01_A	sender	Маюрі
mail	RM_From_MAY01_01_A	subject	Упа…
mail	RM_From_MAY01_02_A	body	Упа ж дуже популярний, розумієш? Навіть популярніший за головного героя, «Какеру-куна». Такі милі маскоти хочеться купувати й купувати. Це в Маюші така принциповість. Ти ж сам у школі збирав купу чорних «рукавичок без пальців», правда? Ото ж саме.
mail	RM_From_MAY01_02_A	sender	Маюрі
mail	RM_From_MAY01_02_A	subject	На кошти не можна-а ＞＜
mail	RM_From_MAY01_02_B	body	Інших Жабок Геро мені зовсім не хотілося, а от «товстунчика» — дуже. Але тепер, як подумаю, він і не такий милий був. Скоріше навіть трохи бридкий. Чого ж я так його хотіла? О, до речі, товстунчик схожий на «Дару»-куна♪
mail	RM_From_MAY01_02_B	sender	Маюрі
mail	RM_From_MAY01_02_B	subject	Тільки товстунчика
mail	RM_From_MAY01_03_A	body	RaiNet Kakeru дуже цікавий. Окаріне, подивись хоч разочок. Там багато такого, над чим замислюєшся, — це точно не тільки для дітей.
mail	RM_From_MAY01_03_A	sender	Маюрі
mail	RM_From_MAY01_03_A	subject	Це цікаво
mail	RM_From_MAY01_03_B	body	…отаке ти тоді часто вигукував, Окаріне. І чому всі хлопці мріють керувати вогнем? Дивно. Могли б бути й ті, хто керує квітами або плюшевими іграшками. Так же миліше!
mail	RM_From_MAY01_03_B	sender	Маюрі
mail	RM_From_MAY01_03_B	subject	Пам'ятаю
mail	RM_From_MAY01_03_C	body	Відколи був той великий землетрус у Шібуї, про них зовсім не чути. Та навіть якби були, Маюші однаково не має грошей… ехехе (*´∀｀)
mail	RM_From_MAY01_03_C	sender	Маюрі
mail	RM_From_MAY01_03_C	subject	Здається, нема?
mail	RM_From_MAY01_03_D	body	Тут Дару-кун недавно спав у лабі, і в нього, здається, апное! Він перестав дихати, і Маюші дуже перелякалася. Я сказала, що йому б схуднути, а він не послухав. Окаріне, скажи йому теж, добре?
mail	RM_From_MAY01_03_D	sender	Маюрі
mail	RM_From_MAY01_03_D	subject	Небезпечно
mail	RM_From_MAY02_01_A	body	У Маюші 《кишенькові》 тануть просто на очах, це жах. Ви з Дару-куном теж мали б хоч іноді скидатися~! З 《їжею》 краще не жартувати ＞＜
mail	RM_From_MAY02_01_A	sender	Маюрі
mail	RM_From_MAY02_01_A	subject	（；＿；）
mail	RM_From_MAY02_02_A	body	Тільки те, що я почула ці слова від Окаріна, робить мене щасливою（≧▽≦）
mail	RM_From_MAY02_02_A	sender	Маюрі
mail	RM_From_MAY02_02_A	subject	Дуже дякую♪
mail	RM_From_MAY02_03_A	body	Окаріне, ти їси 《фастфуд》? Скоро сезон 《свят》, і якщо натраплю на ятки, куплю тобі щось смачненьке. Як тобі?
mail	RM_From_MAY02_03_A	sender	Маюрі
mail	RM_From_MAY02_03_A	subject	Уже серпень~
mail	RM_From_MAY02_03_B	body	Я про це подумала після твого листа: Маюші скільки не їж, а не гладшає. Дивно! Але я щоранку бігаю з татом. Окаріне, побігаєш із нами? Це 《корисно》(｀・ω・´)
mail	RM_From_MAY02_03_B	sender	Маюрі
mail	RM_From_MAY02_03_B	subject	До речі
mail	RM_From_MAY02_04_A	body	Те яблуко в карамелі, що ти мені купив, було страшенно смачне. Маюші й досі пам'ятає. Ти малою мені завжди щось приносив поїсти. Тому Маюші й полюбила фастфуд — це все через твої смаки, Окаріне.
mail	RM_From_MAY02_04_A	sender	Маюрі
mail	RM_From_MAY02_04_A	subject	Яблуко в карамелі
mail	RM_From_MAY02_04_B	body	О, а пам'ятаєш літнє свято в храмі Кішімоджін, куди ми ходили, коли Маюші була у 8 класі? Той 《Гарасуне-сан》, якого ти мені вибив у тирі, і зараз стоїть у мене на столі.
mail	RM_From_MAY02_04_B	sender	Маюрі
mail	RM_From_MAY02_04_B	subject	Гарасуне
mail	RM_From_MAY02_04_C	body	До речі, Окаріне, ти ж колись ні з того ні з сього з'їв 《сире м'ясо》? Ще й хихотів: «гуехехе~». А потім тиждень не ходив до школи, бо болів живіт. А що це взагалі означало?
mail	RM_From_MAY02_04_C	sender	Маюрі
mail	RM_From_MAY02_04_C	subject	М'ясо
mail	RM_From_MAY02_05_A	body	Ти забув? «Гарасуне-сан» — це плюшева гримуча змія. Я його наступного разу принесу в лабу. Гарасуне-сан теж зрадіє, що знову тебе побачить♪
mail	RM_From_MAY02_05_A	sender	Маюрі
mail	RM_From_MAY02_05_A	subject	Re: Re: Гарасуне
mail	RM_From_MAY02_05_B	body	Якщо це був такий важливий ритуал, Маюші теж хотіла б спробувати. Наступного разу скажи мені, добре? Маюші постарається і 《з'їсть》 сире м'ясо.
mail	RM_From_MAY02_05_B	sender	Маюрі
mail	RM_From_MAY02_05_B	subject	Таємничо♪
mail	RM_From_MAY03_01_A	body	О, а ти знаєш, сьогодні рівно 《три місяці》, як Маюші 《працює》 в МейКвін. Я зайшла на роботу, а мене всі привітали (*´∀｀) Уже три місяці, як я 《покоївка》. Як швидко! Але не подумай нічого — Маюші добре пам'ятає, що головна робота в мене — бути заручницею.
mail	RM_From_MAY03_01_A	sender	Маюрі
mail	RM_From_MAY03_01_A	subject	Стаж покоївки
mail	RM_From_MAY03_02_A	body	Та не завжди Маюші голодна! А зарплату я витрачаю так: 6 на матеріали для костюмів, 4 на смаколики.
mail	RM_From_MAY03_02_A	sender	Маюрі
mail	RM_From_MAY03_02_A	subject	Зарплата
mail	RM_From_MAY03_02_B	body	Три місяці — це справжня дата! Мене і за перший місяць вітали, і за другий.
mail	RM_From_MAY03_02_B	sender	Маюрі
mail	RM_From_MAY03_02_B	subject	Це не дрібниця!
mail	RM_From_MAY03_02_C	body	Я ж казала тобі, чому сама не косплею. Маюші сама собі заборонила надто виділятися. Ну, бо я ж заручниця.
mail	RM_From_MAY03_02_C	sender	Маюрі
mail	RM_From_MAY03_02_C	subject	Причина
mail	RM_From_MAY04_01_A	body	Маюші один раз виграла в конкурсі в 《журналі》. Правда, круто?(≧∇≦) Я виграла автограф 《сейю》, який озвучував Сецурі, головного героя 《Ганбама》.
mail	RM_From_MAY04_01_A	sender	Маюрі
mail	RM_From_MAY04_01_A	subject	Як щодо лотерей
mail	RM_From_MAY04_02_A	body	Я ж спеціально купила 《Кранчі-кун》, ти сам казав, що хочеш, а тебе немає. Так негарно~ Я поклала їх у холодильник, з'їж швиденько, добре?
mail	RM_From_MAY04_02_A	sender	Маюрі
mail	RM_From_MAY04_02_A	subject	Пішов кудись? Ле-ле-ле~
mail	RM_From_MAY04_02_B	body	Ого! Ми ж 《недавно》 говорили про 《Джоя-сана》, так? І я щойно побачила його на Чюо-дорі! Справжнього, справжнього! Він навіть потиснув мені руку（≧▽≦）
mail	RM_From_MAY04_02_B	sender	Маюрі
mail	RM_From_MAY04_02_B	subject	Я його бачила!
mail	RM_From_MAY04_02_C	body	Тобто ти хочеш косплей 《полководця Сенґоку》? Гара-азд, Маюші постарається до зимової КоміМи~ Ти точно матимеш успіх у дівчат. Хоча в Маюші від цього трохи 《змішані почуття》(*^ω^*)
mail	RM_From_MAY04_02_C	sender	Маюрі
mail	RM_From_MAY04_02_C	subject	Полководець Сенґоку?
mail	RM_From_MAY04_03_A	body	Рюка-чан сказала, що пробачить, якщо ти вдягнеш косплей Какеру-куна з《RaiNet》. А, чи, може, краще костюм Упи, лол. Та жартую я. Рюку-чан лиши Маюші, гаразд?
mail	RM_From_MAY04_03_A	sender	Маюрі
mail	RM_From_MAY04_03_A	subject	Про Рюку-чан
mail	RM_From_MAY04_03_B	body	Окаріне, ти теж хочеш бути «дівчинкою-хлопчиком»? Тут нема чого соромитися! Жіночий косплей — це ж цілий окремий жанр, він чудовий? Маюші повністю тебе підтримує (*´∀｀)
mail	RM_From_MAY04_03_B	sender	Маюрі
mail	RM_From_MAY04_03_B	subject	Дівчинко-хлопчик
mail	RM_From_MAY04_03_C	body	Рюка-чан аж світиться такою аурою, що її хочеться подражнити, і ти просто на це відреагував. Розумію. Коли Маюші з Рюкою-чан, вона теж іноді думає, чи немає в неї садистської жилки. Але все одно дражнити її насправді не можна, добре? (´･ω･`)
mail	RM_From_MAY04_03_C	sender	Маюрі
mail	RM_From_MAY04_03_C	subject	Мазохізм
mail	RM_From_MAY04_03_D	body	Окаріне, тобі подобається Рюка-чан? Але ж, Окаріне, коли тобі раніше подобалась одна дівчинка, ти казав щось таке: «Зі мною вона буде нещасна, тому я просто здалеку за нею наглядатиму»?? 
mail	RM_From_MAY04_03_D	sender	Маюрі
mail	RM_From_MAY04_03_D	subject	Невже
mail	RM_From_MAY04_04_A	body	Подробиці — в інтернетах!
mail	RM_From_MAY04_04_A	sender	Маюрі
mail	RM_From_MAY04_04_A	subject	Какеру-кун
mail	RM_From_MAY05_01_A	body	《Фубукі-чан і Каеде-чан》 похвалили 《косплей》, який Маюші цього разу пошила. Я така щаслива (*´∀｀)
mail	RM_From_MAY05_01_A	sender	Маюрі
mail	RM_From_MAY05_01_A	subject	Що мене сьогодні порадувало
mail	RM_From_MAY05_02_A	body	Я ж уже розповідала? Ми втрьох — щось на кшталт гуртка. Познайомилися на косплей-заході. Каеде-чан — студентка з неймовірною фігурою, вона захоплюється періодом Сенґоку. Фубукі-чан — однолітка Маюші, трохи хлопчакувата, але минулого року в косплеї Сейри вона була дуже сексуальна!
mail	RM_From_MAY05_02_A	sender	Маюрі
mail	RM_From_MAY05_02_A	subject	Хто вони…
mail	RM_From_MAY05_02_B	body	Я ж стільки разів казала, ти забув? Це ти попросив пошити! Костюм Кьоджіро, того, що вогнем керує, з «King of Histories», пам'ятаєш? Тобі дуже пасувало, а ти чому вдягнув лише раз? Шкода ж (´･ω･`)
mail	RM_From_MAY05_02_B	sender	Маюрі
mail	RM_From_MAY05_02_B	subject	З чого почалося
mail	RM_From_MAY07_01_A	body	Окаріне, ти кудись ідеш? На 《побачення》 з Курісу-чан? Гарно тобі. Маюші 《заздрить》 (´･ω･`)
mail	RM_From_MAY07_01_A	sender	Маюрі
mail	RM_From_MAY07_01_A	subject	Куди ти?
mail	RM_From_MAY07_02_A	body	Он як… Маюші аж трохи полегшало. Чому це так? Раніше в мене такого відчуття не було.
mail	RM_From_MAY07_02_A	sender	Маюрі
mail	RM_From_MAY07_02_A	subject	Складна розмова?
mail	RM_From_MAY07_02_B	body	Хочу на побачення. Якщо йти, то або в «Санпо», або в «Кітчен Джіро» (*´∀｀)
mail	RM_From_MAY07_02_B	sender	Маюрі
mail	RM_From_MAY07_02_B	subject	Побачення
mail	RM_From_MAY07_03_A	body	Зранку 《Кайчу》 зник, і Маюші майже заплакала. Той 《звук》 стрілок мене заспокоює. Якби я його загубила, це був би величезний шок, та й перед 《бабусею》 негарно. А, Кайчу знайшовся, цілий і неушкоджений, така радість♪
mail	RM_From_MAY07_03_A	sender	Маюрі
mail	RM_From_MAY07_03_A	subject	Через що я сьогодні хвилювалася
mail	RM_From_MAY07_04_A	body	Це ж кишеньковий годинник — кайчю-докей, тому Кайчу? Зрозуміло й миленько, тому, як на мене, гарне ім'я.
mail	RM_From_MAY07_04_A	sender	Маюрі
mail	RM_From_MAY07_04_A	subject	Кайчу
mail	RM_From_MAY07_04_B	body	А, точно, це ж ти придумав таке дивне ім'я. Я геть забула-а (*´∀｀)
mail	RM_From_MAY07_04_B	sender	Маюрі
mail	RM_From_MAY07_04_B	subject	Так-так
mail	RM_From_MAY07_04_C	body	Бабуся завжди тримала Кайчу в кишені фартуха, і я засинала під цей звук. Тому, мабуть, я й досі від нього заспокоююсь.
mail	RM_From_MAY07_04_C	sender	Маюрі
mail	RM_From_MAY07_04_C	subject	На колінах
mail	RM_From_MAY08_01_A	body	Каеде-чан 《посварилася》 з хлопцем. Як би їх помирити? Маюші ні з ким ніколи не сварилася, тому їй це 《дивно》. З 《тим, хто тобі дорогий》, хіба можна сваритися?
mail	RM_From_MAY08_01_A	sender	Маюрі
mail	RM_From_MAY08_01_A	subject	Вони посварилися
mail	RM_From_MAY08_02_A	body	Той, хто Маюші подобається… є (*´∀｀) ехехе
mail	RM_From_MAY08_02_A	sender	Маюрі
mail	RM_From_MAY08_02_A	subject	Re: Re: Вони посварилися
mail	RM_From_MAY08_03_A	body	Останнім часом у Маюші життя аж по вінця повне. А, хоча одна річ є, від якої трохи самотньо. Але як усе скласти, то все одно виходить 120% задоволення (｀･ω･´)
mail	RM_From_MAY08_03_A	sender	Маюрі
mail	RM_From_MAY08_03_A	subject	Я не силую себе
mail	RM_From_MAY08_03_B	body	А от ти, Окаріне, наче себе силуєш. Особливо ці кілька днів — ходиш якийсь пригнічений.
mail	RM_From_MAY08_03_B	sender	Маюрі
mail	RM_From_MAY08_03_B	subject	Якщо так, то добре…
mail	RM_From_MAY08_03_C	body	Окарін став безумним ученим… для Маюші, так? Тому, мабуть, безвідповідально казати, що тобі не треба прикидатися поганим.
mail	RM_From_MAY08_03_C	sender	Маюрі
mail	RM_From_MAY08_03_C	subject	Слухай
mail	RM_From_MAY09_01_A	body	Слухай, слухай, ти сьогодні 《повернешся》 до лаби?
mail	RM_From_MAY09_01_A	sender	Маюрі
mail	RM_From_MAY09_01_A	subject	Ти повернешся?
mail	RM_From_MAY09_02_A	body	Знаєш, я вчора дивилася на Оріон. Було дуже-дуже гарно. Було б класно, якби Окарін дивився вгору 《в той самий час》. Бо тоді, навіть якщо ми далеко й не можемо поговорити, здається, ніби ми поруч. Якщо так думати, то зірки — це романтично, правда?
mail	RM_From_MAY09_02_A	sender	Маюрі
mail	RM_From_MAY09_02_A	subject	Оріон
mail	RM_From_MAY09_03_A	body	Окарін був якийсь дивний, тому Маюші сьогодні не пішла на КоміМа. Ти в лабі? Може, я зараз прийду. Ми ж уже кілька днів не бачилися, так? А раніше бачилися щодня. Тому дуже сумно (´･ω･`) Хоч це лише днів чотири. Може, Маюші вже так звикла, що Окарін завжди поруч… Тримай мене міцно, добре? У сенсі — як заручницю.
mail	RM_From_MAY09_03_A	sender	Маюрі
mail	RM_From_MAY09_03_A	subject	Ми не бачимося
mail	RM_From_RU05_02_A	body	Он як… Значить, Фенікс-сан не піде. Там і справді натовп неймовірний. Якби ви сказали, що йдете, я сподівався б зустріти вас там, але це, певно, астрономічно малий шанс. А, і не подумайте, що я ходжу по всіх святах підряд, це було б непорозуміння… P.S. Змахів Самідаре вийшло лише 5…
mail	RM_From_RU05_02_A	sender	Рюкако
mail	RM_From_RU05_02_A	subject	Щодо свята
mail	RM_From_RU05_02_B	body	А ви з Маюрі-чан… ніколи не ходите кудись разом? Ви ж обоє лаборанти, і я чув, що ви друзі дитинства, тож думав, ви завжди разом… Пробачте, якщо я щось не так зрозумів… P.S. Змахів Самідаре зробив 30.
mail	RM_From_RU05_02_B	sender	Рюкако
mail	RM_From_RU05_02_B	subject	Щодо Маюрі-чан
mail	RM_From_RUK01_01_A	body	Чи справді вчорашнє 《очищення》 було достатнім? Мені здається, треба було зробити все як слід, більше схоже на 《обряд》… Як подумаю, що через моє недбале очищення з Феніксом-саном може 《щось》 трапитися… Через це я навіть не міг заснути… P.S. І через це вчора вийшло лише 3 змахи Самідаре.
mail	RM_From_RUK01_01_A	sender	Рюкако
mail	RM_From_RUK01_01_A	subject	Про вчорашнє
mail	RM_From_RUK01_02_A	body	Тато не вчить мене своєї роботи. Каже: «Я збираюся служити ще років тридцять, тож допомога мені не потрібна». І при цьому чомусь усе намагається навчити мене 《танцю міко》… P.S. Змахів Самідаре зробив 10.
mail	RM_From_RUK01_02_A	sender	Рюкако
mail	RM_From_RUK01_02_A	subject	Про службу в святилищі
mail	RM_From_RUK01_02_B	body	Пробачте, я, схоже, ввів вас в оману. Я нічого не знаю про таємні техніки… Принаймні в нашому святилищі, здається, нічого такого величного не збереглося… Якщо вам це цікаво, то краще поїхати в Ідзумо або Ісе… А, змахів Самідаре зробив 10.
mail	RM_From_RUK01_02_B	sender	Рюкако
mail	RM_From_RUK01_02_B	subject	Щодо обрядів
mail	RM_From_RUK01_02_C	body	Ем, я спитав Маюрі-чан, з чим саме ви воюєте, але вона тільки засміялася й не відповіла… 《Що》 мені робити? Я хочу бути вам корисним, Феніксе-сан!
mail	RM_From_RUK01_02_C	sender	Рюкако
mail	RM_From_RUK01_02_C	subject	Про минулий лист
mail	RM_From_RUK01_03_A	body	Е? Еее?!
mail	RM_From_RUK01_03_A	sender	Рюкако
mail	RM_From_RUK01_03_A	subject	Re: Re: Про службу в святилищі
mail	RM_From_RUK02_01_A	body	Сьогодні я спік 《печиво》. Дав спробувати всій 《родині》 — усі сказали, що дуже смачно. Можна я наступного разу спечу й принесу для всіх у вашій лабораторії, учителю? І я був би радий, якби ви колись, коли буде 《час》, показали мені більше про змахи Самідаре. P.S. Постарався і зробив 10 змахів.
mail	RM_From_RUK02_01_A	sender	Рюкако
mail	RM_From_RUK02_01_A	subject	Я спік солодощі
mail	RM_From_RUK02_02_A	body	Прийти й приготувати їжу я зовсім не проти, але тоді, боюся, я занедбаю 《службу в святилищі》… Хоч я там усього лише прибираю подвір'я. Ем, можна мені трохи 《подумати》? P.S. Через ці думки змахів Самідаре я так і не зробив…
mail	RM_From_RUK02_02_A	sender	Рюкако
mail	RM_From_RUK02_02_A	subject	Дайте мені подумати
mail	RM_From_RUK02_02_B	body	У мене є мама, тато, старша сестра й дідусь з бабусею. 《Сестра》 за характером — цілковита моя протилежність, дуже хлопчакувата… Ще з дитинства вона перекладала на мене всю допомогу з вечерею. Через це я страшенно полюбив 《готувати》… P.S. Змахів Самідаре зробив 20.
mail	RM_From_RUK02_02_B	sender	Рюкако
mail	RM_From_RUK02_02_B	subject	Про мою родину
mail	RM_From_RUK02_02_C	body	Пробачте. Коли я говорю з вами, Феніксе-сан, я розумію, який я ще нікчемний. Мабуть, я собі десь 《попускаю》, виправдовуючись тим, що ще неповнолітній. Якщо я знову так робитиму, будь ласка, насваріть мене… P.S. Змахів Самідаре зробив сам, 《20》 разів. Здається, я став трохи сильнішим. Але без вас, Окабе-сан, я досі нічого не можу. Тож, будь ласка, вчіть мене далі.
mail	RM_From_RUK02_02_C	sender	Рюкако
mail	RM_From_RUK02_02_C	subject	Я надто на вас спирався
mail	RM_From_RUK02_03_A	body	Хоч я і міко, але я ж хлопець, тому несправжній… Я хочу виконувати обов'язки міко щиро, з усіх сил, але все одно є відчуття, ніби я винен перед богами… Я знаю, що так, наполовину, не годиться… P.S. Змахів Самідаре зробив 30.
mail	RM_From_RUK02_03_A	sender	Рюкако
mail	RM_From_RUK02_03_A	subject	Щодо моєї служби
mail	RM_From_RUK02_03_B	body	Пробачте, через мене Хашіда-сан може погано почуватися… Я не дуже розумію, що саме там страшного, але щоб не завдавати клопоту, я не приходитиму готувати… Хоч насправді я дуже хотів приготувати для вас, Окабе-сан…
mail	RM_From_RUK02_03_B	sender	Рюкако
mail	RM_From_RUK02_03_B	subject	Не хочу завдавати клопоту
mail	RM_From_RUK02_03_C	body	Сестра вчиться в далекому університеті й живе окремо, тож удома її майже не буває. Я ж писав, що вона хлопчакувата? Може, тому я ніколи не міг їй нічого заперечити, і вона з татом удвох змушували мене робити 《таке》 і 《ще й таке》… Ох, тільки згадаю — і плакати хочеться. P.S. Задумався і змахів Самідаре не зробив…
mail	RM_From_RUK02_03_C	sender	Рюкако
mail	RM_From_RUK02_03_C	subject	Про мою сестру
mail	RM_From_RUK02_03_D	body	Це ж таки дивно, що хлопець любить готувати… Але коли людина, яка мені дорога, їсть те, що я приготував, і каже, що смачно, — я справді щасливий. Тому, мабуть, я ніколи не розлюблю готувати. Це нічого?.. P.S. Була така суєта, що змахів зробити не вдалося…
mail	RM_From_RUK02_03_D	sender	Рюкако
mail	RM_From_RUK02_03_D	subject	Щодо готування
mail	RM_From_RUK02_03_E	body	Феніксе-сан, значить, у вас були часи, коли ви не могли захистити дорогу вам людину. Пробачте, я нічого про це не знаю, але коли уявив, як вам було важко, я розплакався… P.S. Плакав, тому змахів не зробив…
mail	RM_From_RUK02_03_E	sender	Рюкако
mail	RM_From_RUK02_03_E	subject	Дозвольте поплакати
mail	RM_From_RUK02_04_A	body	Мене не зганьбили! Мене просто змушували вдягатися дівчинкою ＞＜
mail	RM_From_RUK02_04_A	sender	Рюкако
mail	RM_From_RUK02_04_A	subject	Re: Re: Про мою сестру
mail	RM_From_RUK03_01_A	body	Ем, Феніксе-сан, а ви знаєте, що таке «Жабка Геро»? Минулого року вони були страшенно популярні. У нас у святилищі їх ціла купа, тож, якщо хочете, візьміть собі кілька? Наш «татко» чомусь «саме тепер» купив цілу коробку. І всі мені всучив… Я вже не знаю, що з ними робити… P.S. Я так розгубився, що навіть не махав Самідаре.
mail	RM_From_RUK03_01_A	sender	Рюкако
mail	RM_From_RUK03_01_A	subject	Про жабок
mail	RM_From_RUK03_02_A	body	У коробці лише два-три види. Надсилаю фото. Якщо якась сподобається, скажіть, будь ласка. Наступного разу принесу. P.S. Зробив 10 махів.
mail	RM_From_RUK03_02_A	sender	Рюкако
mail	RM_From_RUK03_02_A	subject	Ще про жабок
mail	RM_From_RUK03_02_B	body	Татко зазвичай поводиться нормально, але коли ми лишаємось самою родиною, стає якийсь дивний. Та й узагалі — чому він так хотів «виховувати мене саме так»?.. Татко казав, ніби «до мене мала народитися ще одна сестра», але мама сказала, що це «точно вигадки»… Я вже трохи «втомився» від нього… P.S. Зробив 10 махів.
mail	RM_From_RUK03_02_B	sender	Рюкако
mail	RM_From_RUK03_02_B	subject	Він такий безвідповідальний…
mail	RM_From_RUK03_02_C	body	То це через Жабок Геро?! Але ж татко був дивний ще задовго до них… Пробачте! Я сказав зайве. Надалі буду обережнішим… Ем, а з татком усе буде гаразд? P.S. Самідаре я знову не брав…
mail	RM_From_RUK03_02_C	sender	Рюкако
mail	RM_From_RUK03_02_C	subject	Буду обережним
mail	RM_From_RUK03_03_A	body	Трагедія 15–17 років тому… а що це було??? Я не дуже розумію, але якщо так кажете ви, Феніксе-сан, то, певно, це правда. А, невже саме для цього «Самідаре»? Тоді мені треба старатися ще більше! Тому зробив 25 махів!
mail	RM_From_RUK03_03_A	sender	Рюкако
mail	RM_From_RUK03_03_A	subject	Питання про трагедію
mail	RM_From_RUK03_03_B	body	Темрява, яку татко приховує в серці… так? Я знаю, що колись він грав у рок-групі… але це ж, мабуть, ні до чого…
mail	RM_From_RUK03_03_B	sender	Рюкако
mail	RM_From_RUK03_03_B	subject	Про темряву в серці
mail	RM_From_RUK03_03_C	body	Спалити вбрання міко я не можу… Воно все-таки священне. І коли я його вдягаю, мені якось спокійно. Я його носив, відколи себе пам'ятаю, — чи то носив, чи то мене змушували. А… то це і був план татка? Виходить, я теж «дивний»…
mail	RM_From_RUK03_03_C	sender	Рюкако
mail	RM_From_RUK03_03_C	subject	Про вбрання міко
mail	RM_From_RUK04_01_A	body	Маюрі-чан захопилася аніме «RaiNet» і порадила його подивитися, тож я теж узяв диск у TATSUYA. Аніме я дивлюся рідко, а якщо дивлюся, то більше «романтичні фільми», але виявилося, що це доволі глибока історія. Хоч на вигляд — для дітей. Я був здивований. P.S. Я так захопився RaiNet, що махів Самідаре не робив. Пробачте…
mail	RM_From_RUK04_01_A	sender	Рюкако
mail	RM_From_RUK04_01_A	subject	Про RaiNet
mail	RM_From_RUK04_02_A	body	Учора, коли я заходив до лабораторії, ми всі разом грали в гру з відгадуванням номерів пейджера — було дуже цікаво. Хотілося б якось зіграти ще… А, і ще: після того я розпитав маму, і вона, здається, багато чого згадала з юності, аж погляд у далечінь. Чомусь дуже глибоко зітхнула — це мені запам'яталося (^^*) P.S. Махів Самідаре було десь 10.
mail	RM_From_RUK04_02_A	sender	Рюкако
mail	RM_From_RUK04_02_A	subject	Гра була цікава
mail	RM_From_RUK05_01_A	body	Феніксе-сан, ви цього літа були на якомусь святі чи на «фестивалі феєрверків»? Чи, може, плануєте піти з «Маюрі»-чан? P.S. Махів Самідаре було 22.
mail	RM_From_RUK05_01_A	sender	Рюкако
mail	RM_From_RUK05_01_A	subject	Про плани на літо
mail	RM_From_SUZ02_01_A	body	Перший лист! Дякую, що вчора «обмінявся адресами». «Тут» у мене друзів немає, тож я навіть трохи рада. Ну, писатиму помірно, час від часу. Пошту я раніше не вела, тож «відповідаю поволі» — смійся й пробач.
mail	RM_From_SUZ02_01_A	sender	Воїн На Півставки
mail	RM_From_SUZ02_01_A	subject	Вітання
mail	RM_From_SUZ02_02_A	body	Взагалі-то я в Окабе Рінтаро «закохалася з першого погляду». Та ні, жарт, жарт (смішок). Просто я справді думаю, що зв'язок між людьми — це «найважливіше, щоб жити». Питання життя і смерті, ага.
mail	RM_From_SUZ02_02_A	sender	Воїн На Півставки
mail	RM_From_SUZ02_02_A	subject	Взагалі-то
mail	RM_From_SUZ02_02_B	body	Секрет. А ти як думаєш, де? Вгадаєш — відвезу тебе куди захочеш. (Тільки в межах, куди дістанеш велосипедом.) Постарайся й вгадай. Підказок, до речі, не буде.
mail	RM_From_SUZ02_02_B	sender	Воїн На Півставки
mail	RM_From_SUZ02_02_B	subject	Секрет
mail	RM_From_SUZ02_02_C	body	Взагалі кажучи, мобільний у мене з'явився «недавно». І до Токіо я приїхала лише кілька днів тому. Навіть «як їздити електричкою» не знала. Тож нічого не вдієш — купила «велосипед».
mail	RM_From_SUZ02_02_C	sender	Воїн На Півставки
mail	RM_From_SUZ02_02_C	subject	Взагалі кажучи
mail	RM_From_SUZ02_03_A	body	Ти злий? Я ж написала про перший погляд жартома, ясно? Окабе Рінтаро, ти часом не бабій?
mail	RM_From_SUZ02_03_A	sender	Воїн На Півставки
mail	RM_From_SUZ02_03_A	subject	Ти злий?
mail	RM_From_SUZ02_03_B	body	Та ніяка це не мудрість. Просто «не люблю» на когось спиратися. Мовляв, сама справлюся (смішок). Гордість, певно.
mail	RM_From_SUZ02_03_B	sender	Воїн На Півставки
mail	RM_From_SUZ02_03_B	subject	Життєва мудрість?
mail	RM_From_SUZ02_03_C	body	Якщо хочеш поговорити — говори прямо, в очі. Телефоном чи поштою всього не передаси. Правду кажучи, ця переписка з Окабе Рінтаро мені й не дуже до душі. Хоч адресу вимагала я сама (смішок)
mail	RM_From_SUZ02_03_C	sender	Воїн На Півставки
mail	RM_From_SUZ02_03_C	subject	Прямо
mail	RM_From_SUZ02_03_D	body	Там, де я жила, електрички не ходили. А в Токіо колії як павутина — я аж отетеріла.
mail	RM_From_SUZ02_03_D	sender	Воїн На Півставки
mail	RM_From_SUZ02_03_D	subject	Там, де я
mail	RM_From_SUZ02_03_E	body	Simple is best, хіба ні? У велосипеда базова конструкція не змінилася вже сто років. А, але на витривалість я слабка.
mail	RM_From_SUZ02_03_E	sender	Воїн На Півставки
mail	RM_From_SUZ02_03_E	subject	Simple is best
mail	RM_From_SUZ03_01_A	body	Їсти хочу-у. Сьогодні знову без сніданку. Але й грошей майже нема. До речі, а в Акібі є місця, де можна набрати «комах чи бур'яну»? Якщо є, я своїми «навичками виживання» голод переб'ю.
mail	RM_From_SUZ03_01_A	sender	Воїн На Півставки
mail	RM_From_SUZ03_01_A	subject	Голод
mail	RM_From_SUZ03_02_A	body	Якщо правильно приготувати, вони на диво смачні.
mail	RM_From_SUZ03_02_A	sender	Воїн На Півставки
mail	RM_From_SUZ03_02_A	subject	Re: Re: Голод
mail	RM_From_SUZ03_02_B	body	Краще тобі не знати (сміх)
mail	RM_From_SUZ03_02_B	sender	Воїн На Півставки
mail	RM_From_SUZ03_02_B	subject	Re: Re: Голодна
mail	RM_From_SUZ04_01_A	body	Акіхабара — дивне місто, еге ж. Усюди якісь《малюнки дівчат》. На деяких навіть груди повністю відкриті, аж серце тьохкає. Як по правді — суцільний《культурний шок》. І ще я подумала: який же зараз Японія《мирна》.
mail	RM_From_SUZ04_01_A	sender	Воїн На Півставки
mail	RM_From_SUZ04_01_A	subject	Акіхабара
mail	RM_From_SUZ04_02_A	body	Згори чути якісь《веселі голоси》і ніби дівочий《крик》. Що ви там взагалі робите? Невже щось《непристойне》? У Токіо такі вільні звичаї? Мені не зрозуміти.
mail	RM_From_SUZ04_02_A	sender	Воїн На Півставки
mail	RM_From_SUZ04_02_A	subject	Що там таке?
mail	RM_From_SUZ04_02_B	body	Та мені《нудно》, роботи ніякої. Але《платять》добре, тож хотіла б ще потриматися. А, і не《бовкни》босу, що я в робочий час велосипед натираю? Бо викинуть. Сподіваюся, Окабе Рінтаро мене зрозуміє.
mail	RM_From_SUZ04_02_B	sender	Воїн На Півставки
mail	RM_From_SUZ04_02_B	subject	Нудно аж
mail	RM_From_SUZ04_02_C	body	Щойно по телевізору мигнув якийсь бій, схоже на єдиноборства. Що це таке? Мене аж завело. Слухай, Окабе Рінтаро, можна я зараз прийду й візьму тебе на《важіль лікоть》? Буде весело!
mail	RM_From_SUZ04_02_C	sender	Воїн На Півставки
mail	RM_From_SUZ04_02_C	subject	Щойно по телевізору
mail	RM_From_SUZ04_03_A	body	Через два дні я, мабуть,《покину підробіток》. Тільки босу не кажи? Бо він мене приб'є…
mail	RM_From_SUZ04_03_A	sender	Воїн На Півставки
mail	RM_From_SUZ04_03_A	subject	Через
mail	RM_From_SUZ04_03_B	body	Он як. До речі, а що таке якудза? І ще: не знаєш, де можна дістати пістолет? Просто цікаво.
mail	RM_From_SUZ04_03_B	sender	Воїн На Півставки
mail	RM_From_SUZ04_03_B	subject	Re: Re: Полісмен
mail	RM_From_SUZ04_03_C	body	Нае каже, що ти страшний (сміх) А до мене вона добре липне. Приємно, ніби сестричка з'явилася, от і няньчуся з нею. Та й привід прогуляти роботу (сміх)
mail	RM_From_SUZ04_03_C	sender	Воїн На Півставки
mail	RM_From_SUZ04_03_C	subject	Re: Re: Нае
mail	RM_From_SUZ04_03_D	body	Мить, коли історія змінюється, зазвичай не помічає навіть той, хто цю зміну спричинив. Це я сказала.
mail	RM_From_SUZ04_03_D	sender	Воїн На Півставки
mail	RM_From_SUZ04_03_D	subject	Історія
mail	RM_From_SUZ04_03_E	body	Щойно задрімала на роботі — бос розбудив кулаком по голові. Ой боляче. Ну, сама винна.
mail	RM_From_SUZ04_03_E	sender	Воїн На Півставки
mail	RM_From_SUZ04_03_E	subject	Щойно на роботі
mail	RM_From_SUZ04_03_F	body	Я ж казала, що кататися на велосипеді дуже весело? Але тепер усі м'язи болять. Я, хоч по мені й не видно,《слабенька》.
mail	RM_From_SUZ04_03_F	sender	Воїн На Півставки
mail	RM_From_SUZ04_03_F	subject	Кататися на велосипеді
mail	RM_From_SUZ04_03_G	body	Річ саме з Росії, кажеш. Я про Росію знаю лише матрьошки. Ніколи там не була.
mail	RM_From_SUZ04_03_G	sender	Воїн На Півставки
mail	RM_From_SUZ04_03_G	subject	Re: Росія
mail	RM_From_SUZ05_01_A	body	Удавати не себе — легко. Але《фальшиве я》врешті все одно повниться суперечностями. А суперечність — це парадокс, вона не може існувати. Людина не виживе сама. Але зв'язуватися з кимось, будувати зв'язки — я вважала, що краще цього не робити. І от ми з вами так здружилися… не знаю, добре це чи погано. Ні, напевно, добре. Бо саме тому я досі можу шукати батька. Ви допомогли мені з тією справою — от і полізли в голову такі дурниці.
mail	RM_From_SUZ05_01_A	sender	Воїн На Півставки
mail	RM_From_SUZ05_01_A	subject	Себе
mail	RM_From_SUZ05_02_A	body	Не забувай слів Тайтора.
mail	RM_From_SUZ05_02_A	sender	Воїн На Півставки
mail	RM_From_SUZ05_02_A	subject	Re: Re: Себе
mail	RM_From_SUZ06_01_A	body	Не забувай слів Тайтора.
mail	RM_From_SUZ06_01_A	sender	Воїн На Півставки
mail	RM_From_SUZ06_01_A	subject	Re: Re: Себе
mail	RM_Res_CRS04_01_A1	body	Я не з тих, хто вміщується в рамки. Я не тремтітиму над статтями, як ті вчені мужі!
mail	RM_Res_CRS04_01_A1	sender	Асистентка
mail	RM_Res_CRS04_01_A1	subject	Re: Написав?
mail	RM_Res_CRS04_01_A2	body	Я не просто науковець… Я безумний учений!
mail	RM_Res_CRS04_01_A2	sender	Асистентка
mail	RM_Res_CRS04_01_A2	subject	Re: Написав?
mail	RM_Res_CRS04_01_A3	body	Тоді покажи мені… свою справжню силу!
mail	RM_Res_CRS04_01_A3	sender	Асистентка
mail	RM_Res_CRS04_01_A3	subject	Re: Написав?
mail	RM_Res_CRS04_02_A1	body	Якщо не знаєш, що тут значить «безумний», поясню: тобто «божевільний».
mail	RM_Res_CRS04_02_A1	sender	Асистентка
mail	RM_Res_CRS04_02_A1	subject	Re: Науковець??
mail	RM_Res_CRS04_02_A2	body	Пхе, це якийсь татусевий жарт…
mail	RM_Res_CRS04_02_A2	sender	Асистентка
mail	RM_Res_CRS04_02_A2	subject	Re: Науковець??
mail	RM_Res_CRS04_03_A1	body	То це в тебе такий несмішний американський гумор?
mail	RM_Res_CRS04_03_A1	sender	Асистентка
mail	RM_Res_CRS04_03_A1	subject	Re:Поганий_науковець
mail	RM_Res_CRS04_04_A1	body	А своєї ложки в тебе не було? Чому ложка є, а виделки нема? Ти дурна?
mail	RM_Res_CRS04_04_A1	sender	Асистентка
mail	RM_Res_CRS04_04_A1	subject	Re:Можна_попросити?
mail	RM_Res_CRS04_04_A2	body	Як же моя асистентка любить локшину в стаканчиках. Почну звати тебе Коіке-сан.
mail	RM_Res_CRS04_04_A2	sender	Асистентка
mail	RM_Res_CRS04_04_A2	subject	Re:Можна_попросити?
mail	RM_Res_CRS04_04_B1	body	Ти не стороння. Якщо вже казати прямо, то ти… лаборант!
mail	RM_Res_CRS04_04_B1	sender	Асистентка
mail	RM_Res_CRS04_04_B1	subject	Re:Сама_вдома
mail	RM_Res_CRS04_04_B2	body	Якщо так хочеш — бери будь-який. Але за гроші.
mail	RM_Res_CRS04_04_B2	sender	Асистентка
mail	RM_Res_CRS04_04_B2	subject	Re:Сама_вдома
mail	RM_Res_CRS04_04_C1	body	Погоджуюсь. Японські медіа вже в руках «Організації». Вони стали інструментом Плану Здурніння Японії.
mail	RM_Res_CRS04_04_C1	sender	Асистентка
mail	RM_Res_CRS04_04_C1	subject	Re:Нудьга
mail	RM_Res_CRS04_04_C2	body	Стережися. «Організація» дихає в потилицю медіа всього світу. Задивишся — і тобі промиють мозок.
mail	RM_Res_CRS04_04_C2	sender	Асистентка
mail	RM_Res_CRS04_04_C2	subject	Re:Нудьга
mail	RM_Res_CRS04_05_A1	body	То чому ж ти щодня сумлінно з'являєшся в лабі? Я знаю: тобі так радісно бути лаборантом, що ти нічого не можеш із цим зробити!
mail	RM_Res_CRS04_05_A1	sender	Асистентка
mail	RM_Res_CRS04_05_A1	subject	Re:Щооо?
mail	RM_Res_CRS04_05_B1	body	Ти таки з @ча(ск
mail	RM_Res_CRS04_05_B1	sender	Асистентка
mail	RM_Res_CRS04_05_B1	subject	Re:Гаджет_Майбутнього
mail	RM_Res_CRS04_06_A1	body	Терпи, доки я не винайду «Керувач Погоди».
mail	RM_Res_CRS04_06_A1	sender	Асистентка
mail	RM_Res_CRS04_06_A1	subject	Re:Волога_зашкалює
mail	RM_Res_CRS04_06_A2	body	Це ж не одрук, ні? Крістіно, ти таки з @ча(ск
mail	RM_Res_CRS04_06_A2	sender	Асистентка
mail	RM_Res_CRS04_06_A2	subject	Re:Волога_зашкалює
mail	RM_Res_CRS04_06_B1	body	Сама собі суперечиш. Ти ж тільки-но казала, що хочеш рамен із «Ґен-чана».
mail	RM_Res_CRS04_06_B1	sender	Асистентка
mail	RM_Res_CRS04_06_B1	subject	Re:Маю_прохання
mail	RM_Res_CRS04_06_C1	body	Передам тобі техніку винищення тарганів школи Фенікса. Розчави-и-и його!
mail	RM_Res_CRS04_06_C1	sender	Асистентка
mail	RM_Res_CRS04_06_C1	subject	Re:фуджіко!
mail	RM_Res_CRS04_06_E1	body	Усе це — вибір Брами Штейна. Ель Псай Конґру.
mail	RM_Res_CRS04_06_E1	sender	Асистентка
mail	RM_Res_CRS04_06_E1	subject	Re:Дивлюсь_на_свою_руку
mail	RM_Res_CRS04_06_E2	body	Скучила за мамусею? То подзвони їй по міжміському!
mail	RM_Res_CRS04_06_E2	sender	Асистентка
mail	RM_Res_CRS04_06_E2	subject	Re:Дивлюсь_на_свою_руку
mail	RM_Res_CRS04_07_B1	body	«Зів'ялка-чан» — доволі цікаве ім'я для персонажа. І хто ж вона така?
mail	RM_Res_CRS04_07_B1	sender	Асистентка
mail	RM_Res_CRS04_07_B1	subject	Re:Тарг
mail	RM_Res_CRS05_01_A1	body	Чого ти так розвеселилася! Не забувай про свій обов'язок лаборанта!
mail	RM_Res_CRS05_01_A1	sender	Асистентка
mail	RM_Res_CRS05_01_A1	subject	Re:Плани
mail	RM_Res_CRS05_01_A2	body	Мені байдуже.
mail	RM_Res_CRS05_01_A2	sender	Асистентка
mail	RM_Res_CRS05_01_A2	subject	Re:Плани
mail	RM_Res_CRS07_01_A1	body	Він схований у щитку біля дверей, візьми звідти.
mail	RM_Res_CRS07_01_A1	sender	Асистентка
mail	RM_Res_CRS07_01_A1	subject	Re:Ключ_(ﾉД`)
mail	RM_Res_CRS07_01_A2	body	Не варто. Моя кімната — гниле море. Один крок усередину, і вже…
mail	RM_Res_CRS07_01_A2	sender	Асистентка
mail	RM_Res_CRS07_01_A2	subject	Re:Ключ_(ﾉД`)
mail	RM_Res_CRS07_02_A1	body	Ти маєш рацію. Я був необачний. Недооцінив.
mail	RM_Res_CRS07_02_A1	sender	Асистентка
mail	RM_Res_CRS07_02_A1	subject	Ｒｅ：( ﾟдﾟ )
mail	RM_Res_CRS07_02_A2	body	Знаю, я все зіпсував. Це цілком моя вина.
mail	RM_Res_CRS07_02_A2	sender	Асистентка
mail	RM_Res_CRS07_02_A2	subject	Ｒｅ：( ﾟдﾟ )
mail	RM_Res_CRS07_02_A3	body	Це Жабка Геро. Минулого року вона стала шалено популярною — за змовою «Організації», певна річ.
mail	RM_Res_CRS07_02_A3	sender	Асистентка
mail	RM_Res_CRS07_02_A3	subject	Ｒｅ：( ﾟдﾟ )
mail	RM_Res_CRS07_02_A4	body	Не треба мені твоїх «я слабка дівчинка». Твоя мужність не раз мене виручала.
mail	RM_Res_CRS07_02_A4	sender	Асистентка
mail	RM_Res_CRS07_02_A4	subject	Ｒｅ：( ﾟдﾟ )
mail	RM_Res_CRS07_02_B1	body	Хіба лабораторія не має бути трохи брудною? Так вона більше схожа на справжню.
mail	RM_Res_CRS07_02_B1	sender	Асистентка
mail	RM_Res_CRS07_02_B1	subject	Ｒｅ：Дім
mail	RM_Res_CRS07_02_B2	body	Отже, чоловіки для тебе — просто мерзота? Гаразд. Тоді це війна.
mail	RM_Res_CRS07_02_B2	sender	Асистентка
mail	RM_Res_CRS07_02_B2	subject	Ｒｅ：Дім
mail	RM_Res_CRS07_02_B3	body	Ти вже й не приховуєш свій рівень @чанера, так? А колись же так старалася.
mail	RM_Res_CRS07_02_B3	sender	Асистентка
mail	RM_Res_CRS07_02_B3	subject	Ｒｅ：Дім
mail	RM_Res_CRS07_04_A1	body	Я жодним словом не згадував ні електронні замки, ні картки-ключі. Звідки це взялося? …А, ясно. Наслідок таймліпу.
mail	RM_Res_CRS07_04_A1	sender	Асистентка
mail	RM_Res_CRS07_04_A1	subject	Ｒｅ：Марення, ясно
mail	RM_Res_CRS07_04_A2	body	Так, гроші — річ важлива. Тож віддай нашій лабі премію за публікацію статті. Я серйозно. Це прохання від щирого відчаю.
mail	RM_Res_CRS07_04_A2	sender	Асистентка
mail	RM_Res_CRS07_04_A2	subject	Ｒｅ：Марення, ясно
mail	RM_Res_CRS07_04_A3	body	«Реальність», кажеш… Гаразд, тобі одній скажу правду. За нами полює SERN. Ось вона, реальність. Мені потрібна твоя допомога.
mail	RM_Res_CRS07_04_A3	sender	Асистентка
mail	RM_Res_CRS07_04_A3	subject	Ｒｅ：Марення, ясно
mail	RM_Res_CRS07_04_C1	body	То ми про таку силу говоримо? Хоча звучить так, ніби ти просто боягузка. Певно, і в будинок жахів ніколи не заходила?
mail	RM_Res_CRS07_04_C1	sender	Асистентка
mail	RM_Res_CRS07_04_C1	subject	Ｒｅ：Не називай мене слабачкою
mail	RM_Res_CRS07_04_C2	body	Хто казав, що ти слабачка? Не пам'ятаю такого. Мабуть, через таймліп. А от «слабка в грудях» — таке я міг сказати, вірю.
mail	RM_Res_CRS07_04_C2	sender	Асистентка
mail	RM_Res_CRS07_04_C2	subject	Ｒｅ：Не називай мене слабачкою
mail	RM_Res_CRS07_04_E1	body	Он як… Отже, ось що тебе заводить.
mail	RM_Res_CRS07_04_E1	sender	Асистентка
mail	RM_Res_CRS07_04_E1	subject	Ｒｅ：До речі
mail	RM_Res_CRS07_04_E2	body	Ти всю ніч не спала, отже, від тебе пахне потом. Дару це може збуджувати. Негайно скористайся душем у лабі. Інакше я ні за що не відповідаю!
mail	RM_Res_CRS07_04_E2	sender	Асистентка
mail	RM_Res_CRS07_04_E2	subject	Ｒｅ：До речі
mail	RM_Res_CRS07_04_F1	body	Точно, як те, що від коли гикається!
mail	RM_Res_CRS07_04_F1	sender	Асистентка
mail	RM_Res_CRS07_04_F1	subject	Ｒｅ：ҐОҐОҐОҐОҐО
mail	RM_Res_CRS07_04_F2	body	Ну все, ти мене розлютила.
mail	RM_Res_CRS07_04_F2	sender	Асистентка
mail	RM_Res_CRS07_04_F2	subject	Ｒｅ：ҐОҐОҐОҐОҐО
mail	RM_Res_CRS08_01_A1	body	Нічого особливого. Більше не питай. Це я так підводжу риску, по-своєму.
mail	RM_Res_CRS08_01_A1	sender	Асистентка
mail	RM_Res_CRS08_01_A1	subject	Ｒｅ：Доведи й поясни!
mail	RM_Res_CRS09_01_A1	body	Пробач, що змусив хвилюватися. Дякую за ці листи, справді. Завдяки них я відчуваю, що в мене є друзі.
mail	RM_Res_CRS09_01_A1	sender	Асистентка
mail	RM_Res_CRS09_01_A1	subject	Ｒｅ：Озовися, ідіот!
mail	RM_Res_CRS09_01_A2	body	Пробач, що змусив хвилюватися. Дякую за ці листи. Я не помру — поки не виконаю обіцянку поїхати з тобою в Аоморі. Тож не бійся.
mail	RM_Res_CRS09_01_A2	sender	Асистентка
mail	RM_Res_CRS09_01_A2	subject	Ｒｅ：Озовися, ідіот!
mail	RM_Res_CRS10_01_A1	body	Дай мені побути на самоті. Дивлюся в небо й міркую.
mail	RM_Res_CRS10_01_A1	sender	Асистентка
mail	RM_Res_CRS10_01_A1	subject	Ｒｅ：Ти де?
mail	RM_Res_FEI01_01_A1	body	Про що це ти? Годі мене випробовувати.
mail	RM_Res_FEI01_01_A1	sender	Фейріс
mail	RM_Res_FEI01_01_A1	subject	Re: Вирішальна битва вже близько, няв
mail	RM_Res_FEI01_01_A2	body	Отже, ті, хто бачить ту зорю, — Носії Первородного Гріха, перевтілення Прототипу 13, — уже сходяться до Акіби. І не лише я.
mail	RM_Res_FEI01_01_A2	sender	Фейріс
mail	RM_Res_FEI01_01_A2	subject	Re: Вирішальна битва вже близько, няв
mail	RM_Res_FEI01_01_A3	body	Не може бути. Воно вже пробуджується? На п'ятдесят років раніше, ніж я розрахував. Кх, що ж це означає…!
mail	RM_Res_FEI01_01_A3	sender	Фейріс
mail	RM_Res_FEI01_01_A3	subject	Re: Вирішальна битва вже близько, няв
mail	RM_Res_FEI02_01_A1	body	Акіба — частина «світу видимого»? Смішно. Це місто вже кілька сотень років належить Хаосу. І досі належить.
mail	RM_Res_FEI02_01_A1	sender	Фейріс
mail	RM_Res_FEI02_01_A1	subject	Re: Рівень первородного гріха зріс до 180%
mail	RM_Res_FEI02_01_A2	body	Пропонуєш мені тремтіти перед їхніми тінями й ховатися? Не гнівай мене, кицько.
mail	RM_Res_FEI02_01_A2	sender	Фейріс
mail	RM_Res_FEI02_01_A2	subject	Re: Рівень первородного гріха зріс до 180%
mail	RM_Res_FEI02_01_A3	body	«Церква» досі не облишила тієї затії? Навіть якщо вони воскресять свого зацвілого Месію, світ не здригнеться. Віра впала до 17% від тодішньої.
mail	RM_Res_FEI02_01_A3	sender	Фейріс
mail	RM_Res_FEI02_01_A3	subject	Re: Рівень первородного гріха зріс до 180%
mail	RM_Res_FEI02_01_A4	body	Ти… що ти замислила?
mail	RM_Res_FEI02_01_A4	sender	Фейріс
mail	RM_Res_FEI02_01_A4	subject	Re: Рівень первородного гріха зріс до 180%
mail	RM_Res_FEI03_01_A1	body	Вокалістка тієї групи… чомусь я відчуваю від неї сильний резонанс.
mail	RM_Res_FEI03_01_A1	sender	Фейріс
mail	RM_Res_FEI03_01_A1	subject	Re: PHANTASM — це просто клас, няв♪
mail	RM_Res_FEI03_01_A2	body	Це теж частина плану з отуплення людства?.. Подробиці.
mail	RM_Res_FEI03_01_A2	sender	Фейріс
mail	RM_Res_FEI03_01_A2	subject	Re: PHANTASM — це просто клас, няв♪
mail	RM_Res_FEI03_01_A3	body	Це мені відомо. Шлях до «Святилища». Пісня про кінець світу. Хіба не так?
mail	RM_Res_FEI03_01_A3	sender	Фейріс
mail	RM_Res_FEI03_01_A3	subject	Re: PHANTASM — це просто клас, няв♪
mail	RM_Res_FEI03_02_A1	body	Стань хаосом. Несучи в собі нескінченний біль.
mail	RM_Res_FEI03_02_A1	sender	Фейріс
mail	RM_Res_FEI03_02_A1	subject	Re: Вокалістка — красуня
mail	RM_Res_FEI03_02_A2	body	Тобто той, проти кого це спрямовано, помре?
mail	RM_Res_FEI03_02_A2	sender	Фейріс
mail	RM_Res_FEI03_02_A2	subject	Re: Вокалістка — красуня
mail	RM_Res_FEI03_02_A3	body	Її опоганив цей світ, і вона буквально стала падшим ангелом? Хаос утратив цінну душу.
mail	RM_Res_FEI03_02_A3	sender	Фейріс
mail	RM_Res_FEI03_02_A3	subject	Re: Вокалістка — красуня
mail	RM_Res_FEI03_02_B1	body	До речі, Маюрі теж часто його дивиться. Невже воно захоплює навіть старшокласниць?
mail	RM_Res_FEI03_02_B1	sender	Фейріс
mail	RM_Res_FEI03_02_B1	subject	Re: Опенінг другого сезону RaiNet
mail	RM_Res_FEI03_02_B2	body	Ця земля… накликала на себе гнів божий…
mail	RM_Res_FEI03_02_B2	sender	Фейріс
mail	RM_Res_FEI03_02_B2	subject	Re: Опенінг другого сезону RaiNet
mail	RM_Res_FEI03_02_C1	body	Розкажи-но, про що ті пісні. І не забувай: якщо відмовишся, я маю способи розв'язати тобі язика.
mail	RM_Res_FEI03_02_C1	sender	Фейріс
mail	RM_Res_FEI03_02_C1	subject	Re: Exactry (саме так, ваша правда)
mail	RM_Res_FEI03_02_C2	body	Тобі не треба так ризикувати. Тому негайно відступи!
mail	RM_Res_FEI03_02_C2	sender	Фейріс
mail	RM_Res_FEI03_02_C2	subject	Re: Exactry (саме так, ваша правда)
mail	RM_Res_FEI03_02_C3	body	Святилище втрачено ще триста років тому. Шукати його — марно.
mail	RM_Res_FEI03_02_C3	sender	Фейріс
mail	RM_Res_FEI03_02_C3	subject	Re: Exactry (саме так, ваша правда)
mail	RM_Res_FEI04_01_A1	body	Щури… отже. Кішечка, а щурів боїться. Не розчаровуй мене, Фейріс Нян-Нян!
mail	RM_Res_FEI04_01_A1	sender	Фейріс
mail	RM_Res_FEI04_01_A1	subject	Re: Передвістя великого лиха
mail	RM_Res_FEI04_01_A2	body	Одразу кажу: я недешевий.
mail	RM_Res_FEI04_01_A2	sender	Фейріс
mail	RM_Res_FEI04_01_A2	subject	Re: Передвістя великого лиха
mail	RM_Res_FEI04_02_A1	body	Достоту напівлюдина, напівдемон… Дуже хочу забрати тебе в лабораторію і розітнути для дослідів. Не проти?
mail	RM_Res_FEI04_02_A1	sender	Фейріс
mail	RM_Res_FEI04_02_A1	subject	Re:Про здібності
mail	RM_Res_FEI04_02_A2	body	Зав'язуй так говорити. Це дратує.
mail	RM_Res_FEI04_02_A2	sender	Фейріс
mail	RM_Res_FEI04_02_A2	subject	Re:Про здібності
mail	RM_Res_FEI04_02_A3	body	Не пощастило тобі. Ту планету великий Темний Фенікс уже захопив. Муаха-ха-ха!
mail	RM_Res_FEI04_02_A3	sender	Фейріс
mail	RM_Res_FEI04_02_A3	subject	Re:Про здібності
mail	RM_Res_FEI04_02_B1	body	Що значить «тому»? Ти ж мені нічого й не сказала.
mail	RM_Res_FEI04_02_B1	sender	Фейріс
mail	RM_Res_FEI04_02_B1	subject	Re:Котострофа, няв…
mail	RM_Res_FEI04_03_C1	body	8 серія? Ти про що взагалі?
mail	RM_Res_FEI04_03_C1	sender	Фейріс
mail	RM_Res_FEI04_03_C1	subject	Re:Re:Re:8 серія
mail	RM_Res_FEI05_01_A1	body	Це на тебе не схоже. Так не годиться. Мені потрібна твоя допомога в пошуках IBN 5100.
mail	RM_Res_FEI05_01_A1	sender	Фейріс
mail	RM_Res_FEI05_01_A1	subject	Re:КоміМа
mail	RM_Res_FEI05_01_A2	body	Що сталося? «Організація» перейшла в наступ?!
mail	RM_Res_FEI05_01_A2	sender	Фейріс
mail	RM_Res_FEI05_01_A2	subject	Re:КоміМа
mail	RM_Res_FEI05_01_A3	body	Знову зі мною граєшся? Не змушуй мене хвилюватися!
mail	RM_Res_FEI05_01_A3	sender	Фейріс
mail	RM_Res_FEI05_01_A3	subject	Re:КоміМа
mail	RM_Res_FEI05_02_B1	body	Що це за поезія восьмикласника… Якщо хочеш уваги — приходь у лабу. Я і Маюрі складемо тобі компанію.
mail	RM_Res_FEI05_02_B1	sender	Фейріс
mail	RM_Res_FEI05_02_B1	subject	Візьми себе в руки
mail	RM_Res_MAY01_01_A1	body	Розумію тебе. За нього ж давали цілі гроші… Наші дорогоцінні кошти на дослідження orz
mail	RM_Res_MAY01_01_A1	sender	Маюрі
mail	RM_Res_MAY01_01_A1	subject	Re:Упа…
mail	RM_Res_MAY01_01_A2	body	Це те, що було модне минулого року? Я думав, тобі це нецікаво.
mail	RM_Res_MAY01_01_A2	sender	Маюрі
mail	RM_Res_MAY01_01_A2	subject	Re:Упа…
mail	RM_Res_MAY01_02_A1	body	Кажи мені «Какеру-кун» чи що завгодно — я все одно не втямлю. Я такі нікчемні аніме не дивлюсь.
mail	RM_Res_MAY01_02_A1	sender	Маюрі
mail	RM_Res_MAY01_02_A1	subject	Re:Не продавай його ＞＜
mail	RM_Res_MAY01_02_A2	body	Саме так. Але про це — нікому ні слова. Це було необхідно… щоб запечатати мерзотного монстра, який спить у моїй правій руці…!
mail	RM_Res_MAY01_02_A2	sender	Маюрі
mail	RM_Res_MAY01_02_A2	subject	Re:Не продавай його ＞＜
mail	RM_Res_MAY01_02_B1	body	А Жабку Геро взагалі досі продають?
mail	RM_Res_MAY01_02_B1	sender	Маюрі
mail	RM_Res_MAY01_02_B1	subject	Re:Тільки товстунчик
mail	RM_Res_MAY01_02_B2	body	Хіба що фігурою, так? А от щодо обличчя Дару (далі — самоцензура)
mail	RM_Res_MAY01_02_B2	sender	Маюрі
mail	RM_Res_MAY01_02_B2	subject	Re:Тільки товстунчик
mail	RM_Res_MAY02_01_A1	body	Не сердься. Наступного разу пригощу тебе чим захочеш. Тож продовжуй купувати банани для наших експериментів!
mail	RM_Res_MAY02_01_A1	sender	Маюрі
mail	RM_Res_MAY02_01_A1	subject	Re:（；＿；）
mail	RM_Res_MAY02_01_A2	body	Та ти й так надто багато їси! Сідай на дієту, поки не пізно! А то потім не жалійся!
mail	RM_Res_MAY02_01_A2	sender	Маюрі
mail	RM_Res_MAY02_01_A2	subject	Re:（；＿；）
mail	RM_Res_MAY02_03_A1	body	Тоді купи такоякі без восьминога! Ото справді найвища страва.
mail	RM_Res_MAY02_03_A1	sender	Маюрі
mail	RM_Res_MAY02_03_A1	subject	Re:Уже серпень~
mail	RM_Res_MAY02_03_A2	body	До речі, ми ж колись часто ходили з тобою на фестивали. Тоді мене звали «Снайпером шостої вечора», і дядьки в тирі мене боялися.
mail	RM_Res_MAY02_03_A2	sender	Маюрі
mail	RM_Res_MAY02_03_A2	subject	Re:Уже серпень~
mail	RM_Res_MAY02_03_B1	body	Знаєш, яке слово найменше пасує безумному вченому? «Здоров'я»! Ось яке!
mail	RM_Res_MAY02_03_B1	sender	Маюрі
mail	RM_Res_MAY02_03_B1	subject	Re:До речі
mail	RM_Res_MAY02_04_B1	body	Гарасне? Це що таке? Українською, будь ласка.
mail	RM_Res_MAY02_04_B1	sender	Маюрі
mail	RM_Res_MAY02_04_B1	subject	Re: гарасне
mail	RM_Res_MAY02_04_C1	body	Довго розповідати, але якщо коротко — то був заборонений обряд середньовічної Європи. Саме з нього й виріс нинішній карнавал.
mail	RM_Res_MAY02_04_C1	sender	Маюрі
mail	RM_Res_MAY02_04_C1	subject	Re: м'ясо
mail	RM_Res_MAY02_05_B1	body	Навіть не думай. Аматорові таке не до снаги. Це меч, гострий з обох боків.
mail	RM_Res_MAY02_05_B1	sender	Маюрі
mail	RM_Res_MAY02_05_B1	subject	Re: як загадково♪
mail	RM_Res_MAY03_01_A1	body	Ясно: без підробітку голодній дівчинці нема за що купувати смаколики щодня, і вона гине з голоду. Розумію.
mail	RM_Res_MAY03_01_A1	sender	Маюрі
mail	RM_Res_MAY03_01_A1	subject	Re: стаж покоївки
mail	RM_Res_MAY03_01_A2	body	Святкувати… три місяці? Якась половинчаста дата. Не розумію, що там святкувати. Мейнстрімні жінки, що з вас узяти.
mail	RM_Res_MAY03_01_A2	sender	Маюрі
mail	RM_Res_MAY03_01_A2	subject	Re: стаж покоївки
mail	RM_Res_MAY03_01_A3	body	Досі не віриться, що ти працюєш у мейд-кафе. Ти ж раніше сама ніколи не косплеїла.
mail	RM_Res_MAY03_01_A3	sender	Маюрі
mail	RM_Res_MAY03_01_A3	subject	Re: стаж покоївки
mail	RM_Res_MAY04_01_A1	body	То ти й далі купуєш аніме-журнали? Оце завзяття.
mail	RM_Res_MAY04_01_A1	sender	Маюрі
mail	RM_Res_MAY04_01_A1	subject	Re: до речі про лотереї
mail	RM_Res_MAY04_01_A2	body	Сецурі…? Це з нового Ганбама? Тоді я не дивився. Усе одно найкращий — найперший.
mail	RM_Res_MAY04_01_A2	sender	Маюрі
mail	RM_Res_MAY04_01_A2	subject	Re: до речі про лотереї
mail	RM_Res_MAY04_01_A3	body	Уперше чую, що Маюрі — фанатка сейю.
mail	RM_Res_MAY04_01_A3	sender	Маюрі
mail	RM_Res_MAY04_01_A3	subject	Re: до речі про лотереї
mail	RM_Res_MAY04_02_A1	body	Стривай. Коли це я казав, що хочу Кранчі-куна?
mail	RM_Res_MAY04_02_A1	sender	Маюрі
mail	RM_Res_MAY04_02_A1	subject	Re: кудись зібрався? Лелеле~
mail	RM_Res_MAY04_02_B1	body	Стривай. Це коли було? Джой-сан? Хто це?
mail	RM_Res_MAY04_02_B1	sender	Маюрі
mail	RM_Res_MAY04_02_B1	subject	Re: я його бачила!
mail	RM_Res_MAY04_02_B2	body	Ти про що це раптом? Хто такий Джой-сан? Невже вбивця від «Організації»?!
mail	RM_Res_MAY04_02_B2	sender	Маюрі
mail	RM_Res_MAY04_02_B2	subject	Re: я його бачила!
mail	RM_Res_MAY04_02_C1	body	Стривай. З чого раптом я маю косплеїти полководця? Ти часом не тому написала?
mail	RM_Res_MAY04_02_C1	sender	Маюрі
mail	RM_Res_MAY04_02_C1	subject	Re: полководець Сенґоку?
mail	RM_Res_MAY04_02_C2	body	Маюрі… невже ти збираєшся продати мене ворогові?!
mail	RM_Res_MAY04_02_C2	sender	Маюрі
mail	RM_Res_MAY04_02_C2	subject	Re: полководець Сенґоку?
mail	RM_Res_MAY04_03_A1	body	Кажеш «косплей Какеру-куна», а я RaiNet не дивився, тож не маю жодного уявлення.
mail	RM_Res_MAY04_03_A1	sender	Маюрі
mail	RM_Res_MAY04_03_A1	subject	Re: про Рюку-чан
mail	RM_Res_MAY05_01_A1	body	…Ці двоє мені підозрілі. Хто вони такі?
mail	RM_Res_MAY05_01_A1	sender	Маюрі
mail	RM_Res_MAY05_01_A1	subject	Re: що мене сьогодні потішило
mail	RM_Res_MAY05_01_A2	body	Ти справді любиш шити костюми. Розкажи-но, з чого почалася ця пристрасть.
mail	RM_Res_MAY05_01_A2	sender	Маюрі
mail	RM_Res_MAY05_01_A2	subject	Re: що мене сьогодні потішило
mail	RM_Res_MAY07_01_A1	body	Наші з Крістіною стосунки — це «вчений і асистентка». Ні більше, ні менше.
mail	RM_Res_MAY07_01_A1	sender	Маюрі
mail	RM_Res_MAY07_01_A1	subject	Re: куди йдеш?
mail	RM_Res_MAY07_01_A2	body	Заздриш? Хочеш піти зі мною на побачення?
mail	RM_Res_MAY07_01_A2	sender	Маюрі
mail	RM_Res_MAY07_01_A2	subject	Re: куди йдеш?
mail	RM_Res_MAY07_03_A1	body	Це ти про свій кишеньковий годинник? Я ж казав тобі кинути ці дивні назви.
mail	RM_Res_MAY07_03_A1	sender	Маюрі
mail	RM_Res_MAY07_03_A1	subject	Re: через що я сьогодні розхвилювалася
mail	RM_Res_MAY07_03_A2	body	Будь обережна. Твоє приховане надуміння «Нескінченне серцебиття (Unlimited Clock Works)» — це, власне, двосічний меч…
mail	RM_Res_MAY07_03_A2	sender	Маюрі
mail	RM_Res_MAY07_03_A2	subject	Re:Через що Маюші хвилювалася
mail	RM_Res_MAY07_03_A3	body	Ти ж любила спати на колінах у бабусі просто серед дня, так?
mail	RM_Res_MAY07_03_A3	sender	Маюрі
mail	RM_Res_MAY07_03_A3	subject	Re:Через що Маюші хвилювалася
mail	RM_Res_MAY08_01_A1	body	Це тому, що ти добра дівчинка, Маюрі…
mail	RM_Res_MAY08_01_A1	sender	Маюрі
mail	RM_Res_MAY08_01_A1	subject	Re:Вони посварилися
mail	RM_Res_MAY08_01_A2	body	Так. Дивно це. Чому люди жбурляють одне в одного таку гидоту?
mail	RM_Res_MAY08_01_A2	sender	Маюрі
mail	RM_Res_MAY08_01_A2	subject	Re:Вони посварилися
mail	RM_Res_MAY08_01_A3	body	Відколи це в тебе є хтось, хто тобі до серця? Я думав, у тебе їжа поперед романтики лол
mail	RM_Res_MAY08_01_A3	sender	Маюрі
mail	RM_Res_MAY08_01_A3	subject	Re:Вони посварилися
mail	RM_Res_MAY09_01_A1	body	Не знаю, але не хвилюйся. Тобі нема про що хвилюватися.
mail	RM_Res_MAY09_01_A1	sender	Маюрі
mail	RM_Res_MAY09_01_A1	subject	Re:Ти повернешся?
mail	RM_Res_MAY09_02_A1	body	Ага, я теж дивився. Уперше за довгий час був вільний вечір. Щоправда, у сузір'ях я не тямлю, тож чи то був Оріон — питання.
mail	RM_Res_MAY09_02_A1	sender	Маюрі
mail	RM_Res_MAY09_02_A1	subject	Re:Оріон
mail	RM_Res_RUK01_01_A1	body	Було непогано, тільки трохи невпевнено. Якщо ти служиш богам, тримайся куди гідніше й статечніше. Надалі май це на увазі.
mail	RM_Res_RUK01_01_A1	sender	Рюкако
mail	RM_Res_RUK01_01_A1	subject	Re:Про вчорашнє
mail	RM_Res_RUK01_01_A2	body	Той ваш обряд мене цікавить. Розкажи докладніше. Невже це втрачене заборонене надуміння давнини?
mail	RM_Res_RUK01_01_A2	sender	Рюкако
mail	RM_Res_RUK01_01_A2	subject	Re:Про вчорашнє
mail	RM_Res_RUK01_01_A3	body	Не бійся. Завдяки твоєму очищенню воно ще якийсь час буде спокійне. Та це, зрештою, лише латка на швидку руку. Якщо знову доведеться стати до бою… Ні. Лишається тільки молитися, щоб «Організація», щоб її люди не з'явилися.
mail	RM_Res_RUK01_01_A3	sender	Рюкако
mail	RM_Res_RUK01_01_A3	subject	Re:Про вчорашнє
mail	RM_Res_RUK01_02_A1	body	Що? Танець міко — це ж легенда про Небесну Печеру. Невже твій батько задумав відчинити браму богів…?! Ні, ще занадто рано!
mail	RM_Res_RUK01_02_A1	sender	Рюкако
mail	RM_Res_RUK01_02_A1	subject	Re:Про мою службу
mail	RM_Res_RUK01_02_C1	body	Тобі поки не потрібно цього знати. Поки що. Колись, за вибором Брами Штейна, ти неминуче дізнаєшся й сама.
mail	RM_Res_RUK01_02_C1	sender	Рюкако
mail	RM_Res_RUK01_02_C1	subject	Re:Про той попередній лист
mail	RM_Res_RUK02_01_A1	body	Хвалю. Гостинці завжди вітаються. Можеш хоч щодня приходити нам готувати. За потреби видам і форму покоївки.
mail	RM_Res_RUK02_01_A1	sender	Рюкако
mail	RM_Res_RUK02_01_A1	subject	Re:Я приготувала солодощі
mail	RM_Res_RUK02_01_A2	body	Ти добре ладнаєш із родиною. А скільки вас узагалі? Дару каже про тебе: «Якщо донька зі святилища, то головне — чи є в неї сестра-двійнячка».
mail	RM_Res_RUK02_01_A2	sender	Рюкако
mail	RM_Res_RUK02_01_A2	subject	Re:Я приготувала солодощі
mail	RM_Res_RUK02_01_A3	body	Не покладайся на мене. Затям одне: зустріч — це вже початок розлуки. Я… через «Організацію» й через цю руку довго не протримаюся. Тому не варто на мене покладатися.
mail	RM_Res_RUK02_01_A3	sender	Рюкако
mail	RM_Res_RUK02_01_A3	subject	Re:Я приготувала солодощі
mail	RM_Res_RUK02_02_A1	body	Твій істинний клас — міко. Нехтувати ним не смій. Зараз віддайся саме цьому. І замахи Самідаре, звісно, теж сюди входять.
mail	RM_Res_RUK02_02_A1	sender	Рюкако
mail	RM_Res_RUK02_02_A1	subject	Re:Дайте мені подумати
mail	RM_Res_RUK02_02_A2	body	Не бери всерйоз. Якби ти вдягла форму покоївки, Дару почав би сопіти так, що добром би не скінчилося… Забудь.
mail	RM_Res_RUK02_02_A2	sender	Рюкако
mail	RM_Res_RUK02_02_A2	subject	Re:Дайте мені подумати
mail	RM_Res_RUK02_02_B1	body	То в тебе є сестра. Я ж частенько буваю в святилищі Янабаяші, а її ні разу не бачив.
mail	RM_Res_RUK02_02_B1	sender	Рюкако
mail	RM_Res_RUK02_02_B1	subject	Re:Про мою родину
mail	RM_Res_RUK02_02_B2	body	Про твою кулінарію я чув від Маюрі. Власне, повчи її трохи — вона живе на самому фастфуді.
mail	RM_Res_RUK02_02_B2	sender	Рюкако
mail	RM_Res_RUK02_02_B2	subject	Re:Про мою родину
mail	RM_Res_RUK02_02_C1	body	Це переживає кожен у твоєму віці, тож не бери до серця. Важливе інше — рішучість і готовність, що народжуються з жалю через те, що не зміг захистити дорогу тобі людину…
mail	RM_Res_RUK02_02_C1	sender	Рюкако
mail	RM_Res_RUK02_02_C1	subject	Re:Я занадто на вас поклалася
mail	RM_Res_RUK02_02_C2	body	Дурню! Двадцять замахів — це не тренування! Зроби хоча б сто, а тоді вже гордо кажи, що старався!
mail	RM_Res_RUK02_02_C2	sender	Рюкако
mail	RM_Res_RUK02_02_C2	subject	Re: Я надто на вас поклада…
mail	RM_Res_RUK02_03_C1	body	Розкажи детальніше. Можливо, це заборонений таємний обряд, що дійшов до нас із доби богівввв
mail	RM_Res_RUK02_03_C1	sender	Рюкако
mail	RM_Res_RUK02_03_C1	subject	Re: Про мою старшу сестру
mail	RM_Res_RUK02_03_C2	body	Невже тебе осквернили?! Якщо так, ти міг втратити силу жриці-охоронниці…
mail	RM_Res_RUK02_03_C2	sender	Рюкако
mail	RM_Res_RUK02_03_C2	subject	Re: Про мою старшу сестру
mail	RM_Res_RUK03_01_A1	body	Ті бридкі жабки, за якими минулого року шаліли школярки в Шібуї? Здається, їх наробили силу-силенну різновидів.
mail	RM_Res_RUK03_01_A1	sender	Рюкако
mail	RM_Res_RUK03_01_A1	subject	Re: Про жабок
mail	RM_Res_RUK03_01_A2	body	Я ж бачився з твоїм батьком щойно нещодавно, але той, кого я зустрів, і той, про якого ти пишеш, — то мало не двоє різних людей. То який же з них справжній?
mail	RM_Res_RUK03_01_A2	sender	Рюкако
mail	RM_Res_RUK03_01_A2	subject	Re: Про жабок
mail	RM_Res_RUK03_01_A3	body	Підозрюю, що бум Жабки Геро минулого року — вигадка «Організації», спосіб керувати думкою натовпу. Стережися, Рюкако. Може, саме через тих Жабок Геро твій батько й став дивним…
mail	RM_Res_RUK03_01_A3	sender	Рюкако
mail	RM_Res_RUK03_01_A3	subject	Re: Про жабок
mail	RM_Res_RUK03_02_B1	body	Ось воно! Саме там і криється ключ до тієї трагедії, що сталася років п'ятнадцять-двадцять тому!
mail	RM_Res_RUK03_02_B1	sender	Рюкако
mail	RM_Res_RUK03_02_B1	subject	Re: Він така безвідповідальна людина…
mail	RM_Res_RUK03_02_B2	body	А звідки така впевненість, що це брехня? Можливо, твій батько носить у серці темряву, про яку не може сказати нікому.
mail	RM_Res_RUK03_02_B2	sender	Рюкако
mail	RM_Res_RUK03_02_B2	subject	Re: Він така безвідповідальна людина…
mail	RM_Res_RUK03_02_B3	body	Якщо не хочеш перевдягатися в жіноче — так і скажи прямо. Це через твою невизначеність він і не спиняється. Хочеш змінити стан речей — спали те вбрання жриці, що на тобі.
mail	RM_Res_RUK03_02_B3	sender	Рюкако
mail	RM_Res_RUK03_02_B3	subject	Re: Він така безвідповідальна людина…
mail	RM_Res_RUK03_03_C1	body	Запізно. Лишається тільки скоритися…
mail	RM_Res_RUK03_03_C1	sender	Рюкако
mail	RM_Res_RUK03_03_C1	subject	Re: Про вбрання жриці
mail	RM_Res_RUK04_01_A1	body	То й ти запав на RaiNet AccessBattlers? Усі навколо мене один за одним стають фанатами RaiNet. Така шалена увага… невже за цим стоїть «Організація»?!
mail	RM_Res_RUK04_01_A1	sender	Рюкако
mail	RM_Res_RUK04_01_A1	subject	Re: Щодо RaiNet
mail	RM_Res_RUK04_01_A2	body	Оце твоя й біда, Рюкако. Не час марнувати себе на любовні дурниці. Є вільна хвилина — йди махати Самідаре.
mail	RM_Res_RUK04_01_A2	sender	Рюкако
mail	RM_Res_RUK04_01_A2	subject	Re: Щодо RaiNet
mail	RM_Res_RUK05_01_A1	body	Я не піду. У такому натовпі можуть і ножа в спину всадити. Мене переслідує «Організація», тож у такі місця мені зась.
mail	RM_Res_RUK05_01_A1	sender	Рюкако
mail	RM_Res_RUK05_01_A1	subject	Re: Про плани на літо
mail	RM_Res_RUK05_01_A2	body	Свято, кажеш… Про плани Маюрі не знаю, але вона точно клопочеться підготовкою до іншого свята, яке відбудеться в Аріаке.
mail	RM_Res_RUK05_01_A2	sender	Рюкако
mail	RM_Res_RUK05_01_A2	subject	Re: Про плани на літо
mail	RM_Res_SUB04_02_A1	body	То ти теж хочеш у лаборанти? Але чомусь мені здається, що ми тобі потрібні лише як відмовка, щоб прогуляти підробіток.
mail	RM_Res_SUB04_02_A1	sender	Воїн На Півставки
mail	RM_Res_SUB04_02_A1	subject	Re: Там щось згори
mail	RM_Res_SUB04_02_A2	body	Не хвилюйся. То кричала не дівчина. То кричав хлопець.
mail	RM_Res_SUB04_02_A2	sender	Воїн На Півставки
mail	RM_Res_SUB04_02_A2	subject	Re: Там щось згори
mail	RM_Res_SUB04_02_A3	body	Схоже, уява в тебе, Воїне На Півставки, справді багата. Чи то радше не уява, а мрійливість?
mail	RM_Res_SUB04_02_A3	sender	Воїн На Півставки
mail	RM_Res_SUB04_02_A3	subject	Re: Там щось згори
mail	RM_Res_SUB04_02_B1	body	Що значить «та ж»? Ти про що це раптом? Про підробіток?
mail	RM_Res_SUB04_02_B1	sender	Воїн На Півставки
mail	RM_Res_SUB04_02_B1	subject	Re: Аж занудно
mail	RM_Res_SUB04_02_B2	body	Що? У Майстерні Трубки Брауна добра погодинна? Візьму на замітку як варіант підробітку з вересня.
mail	RM_Res_SUB04_02_B2	sender	Воїн На Півставки
mail	RM_Res_SUB04_02_B2	subject	Re: Аж занудно
mail	RM_Res_SUB04_02_B3	body	Кхе-хе-хе… Ти щойно припустилася смертельної помилки, Воїне На Півставки. Сама виказала мені своє слабке місце! Цю карту я розіграю у вирішальний момент.
mail	RM_Res_SUB04_02_B3	sender	Воїн На Півставки
mail	RM_Res_SUB04_02_B3	subject	Re: Аж занудно
mail	RM_Res_SUB04_02_C1	body	Ти?! Отже, володієш командним самбо… Таки вбивця з «Організації»?!
mail	RM_Res_SUB04_02_C1	sender	Воїн На Півставки
mail	RM_Res_SUB04_02_C1	subject	Re: Зараз, по телевізору
mail	RM_Res_SUZ02_01_A1	body	Ні. Це був не обмін, а радше вимога віддати адресу. Твій натиск був такий, що я скорився.
mail	RM_Res_SUZ02_01_A1	sender	Воїн На Півставки
mail	RM_Res_SUZ02_01_A1	subject	Re: Вітання
mail	RM_Res_SUZ02_01_A2	body	А де твій дім?
mail	RM_Res_SUZ02_01_A2	sender	Воїн На Півставки
mail	RM_Res_SUZ02_01_A2	subject	Re: Вітання
mail	RM_Res_SUZ02_01_A3	body	Ти майже не користуєшся телефоном?
mail	RM_Res_SUZ02_01_A3	sender	Воїн На Півставки
mail	RM_Res_SUZ02_01_A3	subject	Re: Вітання
mail	RM_Res_SUZ02_02_A1	body	Розумію. Жіноча природа така, що зло вабить сильніше за добро.
mail	RM_Res_SUZ02_02_A1	sender	Воїн На Півставки
mail	RM_Res_SUZ02_02_A1	subject	Re: Взагалі-то
mail	RM_Res_SUZ02_02_A2	body	Такий у тебе життєвий принцип? Схоже, легко тобі не було, Воїне На Півставки.
mail	RM_Res_SUZ02_02_A2	sender	Воїн На Півставки
mail	RM_Res_SUZ02_02_A2	subject	Re: Взагалі-то
mail	RM_Res_SUZ02_02_C1	body	Не вірю, що в наші часи є молодь, яка живе так ретро!
mail	RM_Res_SUZ02_02_C1	sender	Воїн На Півставки
mail	RM_Res_SUZ02_02_C1	subject	Re: Та й узагалі
mail	RM_Res_SUZ02_02_C2	body	Це ж жарт, так? Це вкид. На вкид я не клюну. Не клюну-у!
mail	RM_Res_SUZ02_02_C2	sender	Воїн На Півставки
mail	RM_Res_SUZ02_02_C2	subject	Re: Та й узагалі
mail	RM_Res_SUZ02_02_C3	body	Тобто ти впевнена у своїй витривалості?
mail	RM_Res_SUZ02_02_C3	sender	Воїн На Півставки
mail	RM_Res_SUZ02_02_C3	subject	Re: Та й узагалі
mail	RM_Res_SUZ02_03_B1	body	Суперечність: кажеш, що зв'язки між людьми важливі, а покладатися на когось не любиш.
mail	RM_Res_SUZ02_03_B1	sender	Воїн На Півставки
mail	RM_Res_SUZ02_03_B1	subject	Re: Життєвий принцип?
mail	RM_Res_SUZ03_01_A1	body	Ти збираєшся їсти комах? Оце сила…
mail	RM_Res_SUZ03_01_A1	sender	Воїн На Півставки
mail	RM_Res_SUZ03_01_A1	subject	Re: Голодна
mail	RM_Res_SUZ03_01_A2	body	У яких же умовах ти виросла?
mail	RM_Res_SUZ03_01_A2	sender	Воїн На Півставки
mail	RM_Res_SUZ03_01_A2	subject	Re: Голодна
mail	RM_Res_SUZ04_01_A1	body	На жаль, тепер саме моє і є символом Акіби — міста хаосу. Звикай.
mail	RM_Res_SUZ04_01_A1	sender	Воїн На Півставки
mail	RM_Res_SUZ04_01_A1	subject	Re: Акіхабара ж
mail	RM_Res_SUZ04_01_A2	body	Так, того, хто нічого про це не знає, воно й справді може ошелешити.
mail	RM_Res_SUZ04_01_A2	sender	Воїн На Півставки
mail	RM_Res_SUZ04_01_A2	subject	Re: Акіхабара ж
mail	RM_Res_SUZ04_01_A3	body	Погоджуюсь. І все це — наслідок плану «Організації» з отуплення Японії.
mail	RM_Res_SUZ04_01_A3	sender	Воїн На Півставки
mail	RM_Res_SUZ04_01_A3	subject	Re: Акіхабара ж
mail	RM_Res_SUZ04_03_A1	body	Ти йдеш з роботи? Не гарячкуй. Якщо так зробиш, Містер Браун тебе вб'є!
mail	RM_Res_SUZ04_03_A1	sender	Воїн На Півставки
mail	RM_Res_SUZ04_03_A1	subject	Re: І ще
mail	RM_Res_SUZ04_03_F1	body	Це смак брехні.
mail	RM_Res_SUZ04_03_F1	sender	Воїн На Півставки
mail	RM_Res_SUZ04_03_F1	subject	Re: Кататися на велосипеді
mail	RM_Res_SUZ05_01_A1	body	З чого це раптом соромітні вірші? Хочеш собі темне минуле нажити? Обережніше з тим, кому відкриваєш душу, — обернуть проти тебе!
mail	RM_Res_SUZ05_01_A1	sender	Воїн На Півставки
mail	RM_Res_SUZ05_01_A1	subject	Re: Себе
maildoc	100	text	Кадзума цього не помічає й дедалі більше здає. Какеру, зрозумівши, що суперник шахрує брудним вірусом, пропонує підмінити його.
maildoc	102	text	[Кадзума] «На кону честь школи Кайґьо. У такому важливому бою я нікому, тим паче тобі, місця не віддам.»
maildoc	104	text	Кадзума все одно пихтить від гордості. Але справи в бою для нього дедалі гірші.
maildoc	105	text	Тут навіть Тамару й Кірарі починають тиснути на Кадзуму, щоб той пустив Какеру. Уся класна кімната затамувала дух, і в цій катастрофічній ситуації естафету передають Какеру.
maildoc	106	text	Казума вже здався. Опускає голову й відвертається. Але з-за його спини раптом лунає такий стукіт клавіш, якого він ніколи не чув.
maildoc	107	text	Звук гримить, наче механічний, — і Казума вражено обертається. А там Какеру: з блискавичною технікою набору він чесною грою розбиває шулера!
maildoc	108	text	І — блискуча перемога!
maildoc	109	text	Казума з полегшенням кидається Какеру на шию: «Вступай до нашого комп'ютерного клубу!»
maildoc	10	text	І ось одного дня, на уроці інформатики. Тамару вихваляється перед Какеру своєю досить швидкою сліпою печаттю. Присоромивши Тамару, Кірарі демонструє глибокі знання про комп'ютери та інтернет.
maildoc	10話	text	Доступ № 10. «Чия ж це дитина? Дитина мережі? Історія кохання Тамару»
maildoc	111	text	І тут телефонує Наґая-сан. Сталося зламування вкладів в інтернет-банку! Ім'я ворога — всесвітньо відомий мережевий банківський грабіжник «Бішоп»! Какеру й друзів знову охоплює напруга!
maildoc	114	text	Банки, що існують у мережі. Нині це вже, можна сказати, звична річ. Бездротові канали, що снують у повітрі. Інколи ними рухаються суми в мільярди.
maildoc	115	text	Цьогоразовий ворог, «Бішоп», — украй небезпечний суперник: він зламує системи, пересуваючись автомобілем, і раз за разом підробляє дані про своє місцеположення.
maildoc	116	text	Але Какеру передбачає кожен його крок і поступово затискає в кут. Щоб не відставати від рухомого ворога, Какеру й друзі теж узувають ролики й пересуваються містом від хотспоту (місця з бездротовим доступом) до громадської телефонної лінії!
maildoc	117	text	Завдяки блискавичній надтехніці Какеру, точним атакам і злагодженій роботі з Тамару та рештою Бішопа вдалося загнати в кут!
maildoc	118	text	Опинившись у безвиході, Бішоп пускає в дію останній засіб — і це, уявіть собі, «Теріос», одна з дев'яти легендарних монстр-програм, яких у світі, кажуть, лише дев'ять!
maildoc	119	text	Її нищівна, безглузда руйнівна сила вмить перевертає перевагу — і Какеру з друзями опиняються в скруті. Бішоп готується завдати Теріосом останнього удару.
maildoc	11話	text	Доступ № 11. «Принц J. Знову»
maildoc	120	text	Цей лютий вірус уже насувається на Какеру й друзів!
maildoc	122	text	Какеру у безвиході!! — Але тут, ніби щоб їх заслонити, з комп'ютера Какеру щось вилітає!
maildoc	124	text	…І це, уявіть собі, Упа — віртуальний улюбленець, якого Какеру так пестив!
maildoc	125	text	Упа приймає удар на себе, замість Какеру й друзів.
maildoc	127	text	Чи буде Упа цілий?!
maildoc	12	text	[Тамару] «Гей, Кірарі, глянь на новенького — він же тицяє в клавіатуру одним пальцем!»
maildoc	12話	text	Доступ № 12 «Пробудження Упи»
maildoc	130	text	Упа отримав прямий удар вірусу монстр-класу.
maildoc	131	text	Але на ньому — ані царапини. Та ще й, хто б подумав, він саму ту атаку взяв і з'їв.
maildoc	132	text	Завдяки такій відчайдушній роботі Упи Какеру вдається відбити Бішопа. Ба більше — він легко здобуває монстр-програму «Теріос», якою користувався Бішоп.
maildoc	133	text	Але одне незрозуміло: як Упа зумів зжерти вірусну програму монстр-класу з такою потужною атакою?
maildoc	134	text	Навіть Наґая-сан не знає. Проте, можливо, знає таємничий майстер сайту «Кібердракон», що криється десь у мережі.
maildoc	135	text	Кібердракон, який володіє знаннями про всі програми на світі, — щось на кшталт старійшини, обізнаного в усьому, що діється у світі мережі.
maildoc	136	text	Какеру з друзями негайно беруться шукати сайт Кібердракона.
maildoc	137	text	Щоб дістати URL сайту Кібердракона, треба, схоже, пройти онлайн-гру під назвою «Випробування Кібердракона».
maildoc	138	text	Випробування — це битва на швидкість набору, а вірусні атаки стають дедалі лютішими, і Какеру вже готовий здатися.
maildoc	139	text	Але друзі підбадьорюють одне одного й уперто йдуть далі. Через силу, та Какеру таки дістає URL сайту Кібердракона. Нарешті вони можуть зустрітися з майстром сайту — Кібердраконом.
maildoc	13	text	[Кірарі] «Ой, та годі тобі, Тамару. Він новенький, тут нічого не вдієш, хіба ні?»
maildoc	13話	text	(Анонс наступної серії)
maildoc	140	text	Кібердракон, як і промовляє його ім'я, має вигляд стародавнього дракона. Здивовані, вони все ж просять його оглянути програму Упи.
maildoc	141	text	І з'ясовується, що Упа — теж монстр-програма.
maildoc	142	text	Кірарі боїться, що й сам Упа небезпечний. Але Кібердракон пояснює: залежно від волі того, хто ним користується, він може стати як «зброєю вбивства», так і «силою, що захищає дороге тобі».
maildoc	143	text	Проте, аби пробудити в Упі монстр-програму, потрібні відповідні засоби.
maildoc	144	text	А якщо рівень володіння недостатній, то навіть пробудивши її, опанувати цю силу буде неможливо.
maildoc	145	text	Так і не дізнавшись, як пробудити Упу, Какеру з друзями покидають сайт Кібердракона.
maildoc	146	text	Щоб здолати злочинні програми, Какеру дає обітницю: колись він таки дійде до способу запустити монстр-програму Упи —
maildoc	148	text	Чутки про Какеру та його друзів — суперших класників, які мають монстр-програму, — незчувшись, розлетілися по всьому світу.
maildoc	151	text	Заради Всесвітнього чемпіонату майстрів набору, що проходить у США, збірна від Японії має зібратися в Лос-Анджелесі.
maildoc	152	text	Серед представників Японії — і Какеру, який після розкриття цілої низки справ раптово став народним улюбленцем.
maildoc	153	text	Тамару дозволили поїхати з ним як секунданту, а Кірарі, з панянською щедрістю, платить за себе сама. Та щойно вони встигають розбалакатися про майбутню веселу подорож до Лос-Анджелеса, як стається пригода.
maildoc	154	text	До трьох друзів кидається стюардеса. Виявляється, «цей джамбо-джет захопили».
maildoc	155	text	Ба більше — злочинця на борту немає: він, схоже, зламав головний процесор джамбо просто з землі, з комп'ютера.
maildoc	156	text	Перейти на ручне керування неможливо, тож керування лишається в руках хакера, і згусток комп'ютерів на ім'я «пасажирський літак» із 276 пасажирами на борту неухильно втрачає висоту.
maildoc	157	text	Не використавши жодного грама вибухівки, злочинець будь-якої миті може зупинити реактивні двигуни й обрушити літак — лише через канал зв'язку. Перший у цьому столітті «Захоплення з землі»!
maildoc	158	text	Мета хакера — програма-монстр «Упа». Каккеру зі свого сабноутбука шукає, яким шляхом злочинець проник у джамбо. Але шляху не видно.
maildoc	159	text	Єдиний канал, яким можна з'єднатися з цим джамбо, — захищена суворим паролем виділена лінія з диспетчерської вежі. Він шукає зачіпки навколо цієї лінії… і не знаходить.
maildoc	15	text	Дивлячись, як Какеру повільно натискає в комп'ютерному класі клавішу за клавішею, ніби перевіряючи хід кожної, весь клас зневажливо оцінює його вміння.
maildoc	160	text	Жодної підозрілої активності поблизу вежі немає.
maildoc	161	text	Каккеру та друзі нервують.
maildoc	162	text	Адже на такій величезній висоті, де летить літак, не сягає нічого, крім особливих радіохвиль із диспетчерської вежі.
maildoc	163	text	Проте, перебираючи всі можливі варіанти, Каккеру здогадується про ще один шлях проникнення: штучний супутник.
maildoc	164	text	«Бінго!» Передчуття Каккеру не підвело. Лінія, що з'єднує наземну базову станцію із супутником, служить для зв'язку із закордоном. Злочинець пробив фаєрвол супутника й через нього під'єднався до процесорного термінала літака. Тобто це справа, в якій захопили водночас і штучний супутник, і пасажирський літак.
maildoc	165	text	Так Каккеру вистежує злочинця й притискає його до стіни. Навколо супутника, що обертається на орбіті Землі, розгортається перша космічна битва роботрамів. І — легка перемога.
maildoc	166	text	Ворог розумний, але в керуванні роботрамом, тобто в друкуванні, йому до Каккеру як до неба. І хоч лише крізь екран комп'ютера, та Каккеру з друзями вперше бачать космос.
maildoc	167	text	Краса така, що джамбо-джет, у якому вони летять, здається космічним шатлом. Джамбо, що велично пливе крізь космос. В очах Каккеру та друзів мерехтять прекрасні зорі.
maildoc	168	text	І ось нарешті починається світовий чемпіонат Майстрів Друку.
maildoc	16	text	І тієї ж миті в сумці Какеру щось загуло.
maildoc	171	text	Хоч і потрапивши в халепу, Каккеру та друзі щасливо приземляються в аеропорту Лос-Анджелеса. Вийшовши з переповненого терміналу прибуття, вони із цікавістю дивляться, як американський юнак допомагає бабусі з великим багажем.
maildoc	173	text	Тамару: «Ого, то в Америці теж живуть люди з совістю».
maildoc	174	text	Кірарі: «Люди, які дбають про інших, є в будь-якій країні».
maildoc	176	text	Тридцять хвилин автобусом від аеропорту — і вони на місці нинішнього турніру, у Лос-Анджелеському конференц-центрі.
maildoc	177	text	Розпалена атмосфера на арені «Майстра Друку» — видно, що зібралися самі сильні.
maildoc	178	text	Найбільше вражає те, що в списку учасників є навіть усесвітньо відомі хакери та кракери.
maildoc	179	text	Вони не залишають жодних доказів для арешту, тож у розшуку не значаться.
maildoc	17	text	Під поглядами всього класу з'являється субноутбук — річ, якій позаздрив би будь-який школяр. Ба більше, він якоїсь дивної форми.
maildoc	180	text	І серед них — ім'я їхнього долішнього суперника, «Джей». Особисто, звісно, вони ще не зустрічалися.
maildoc	181	text	Тамару: «Цікаво, яка в нього бандитська фізіономія?»
maildoc	182	text	Люті двобої на арені транслюються в інтернеті на весь світ у прямому ефірі; кажуть, увага до них уже не менша, ніж до Олімпіади, — очі всієї планети прикуті до екранів.
maildoc	183	text	І ось турнір виходить на головну гонку. Із гучних колонок запальний діджей оголошує вісімку найкращих. Сьомим називають Какеру, а останнім вигукують ім'я «Джей».
maildoc	184	text	І тієї миті з'являється обличчя того чоловіка… та це ж той приємний хлопець, який в аеропорту допоміг бабусі!
maildoc	185	text	Трійця вражена. Хто ж він такий? До речі, крім Какеру, японських представників уже не лишилося. Підлеглий Реда, представник японської кіберполіції, вибув у першому колі. Реду й компанії залишається тільки з жалем стежити за Какеру.
maildoc	186	text	Перший суперник Какеру у вісімці — «Загублена Тінь», що танцює в ритм музиці й показує вигадливі прийоми.
maildoc	187	text	Але швидкість і точність друку Какеру — зовсім іншого рівня, тож перемога цілковита.
maildoc	188	text	Нарешті — вихід у четвірку. Наступний суперник — син арабського нафтового короля, «Індра Пантера».
maildoc	189	text	Його плавні рухи в стилі йоги дивні, наче в нього зовсім немає суглобів. Роботом він керує так, що вловити схему рухів неможливо, — бій дається важко.
maildoc	190	text	Проте Какеру застосовує вірусну атаку, що заморожує суперника, і сковує всі ці плавні рухи. Наостанок один легкий дотик пальцем — і суперник, застиглий, як лід, розсипається на скалки.
maildoc	192	text	І ось нарешті фінал! Суперник, як і очікувалося, той самий загадковий «Джей».
maildoc	193	text	Чим же скінчиться цей двобій…?!
maildoc	196	text	Зброя «Джея» — те, що можна назвати ніндзюцу «техніка двійника». Його рухи такі стрімкі, що здається, ніби в нього чотири руки.
maildoc	197	text	Його метод друку, вивчений самотужки, прозвали «Хрестовий Різник». Сам Джей — доволі відома постать в американському андерґраунді, і чимало людей захоплюються цією технікою й наслідують її.
maildoc	198	text	Назва пішла від того, що руки на мить перехрещуються, — тобто мотивом став хрест.
maildoc	199	text	Звісно, і Какеру має власний унікальний прийом — так званий «Громовий Гладіатор».
maildoc	19	text	[Тамару] «Та не може бути! Друкує одним пальцем — і має субноут?!»
maildoc	1話	text	RaiNet Kakeru ■Доступ № 1 «Той, про кого всі говорять, — нікчема!? Загадковий новенький»
maildoc	200	text	Через шалену швидкість набору між пальцями й клавішами виникає тертя, і з кожного кінчика пальця йде слабкий електричний струм, схожий на блискавку. Поступово він наростає, і виглядає так, ніби він керує блискавками просто пальцями.
maildoc	201	text	Сили в них цілком рівні. Перший сет бере Какеру, другий — Джей. Усе вирішить фінальний раунд.
maildoc	202	text	Останній поєдинок. Двобій лоб у лоб, аж іскри летять. На величезних екранах у залі видно їхню гарячу битву. Глядачі затамували подих.
maildoc	203	text	Але цю гарячу битву раптово перериває знеструмлення.
maildoc	204	text	Схоже, це не звичайна аварія. За нормальних умов мало б увімкнутися ДБЖ (джерело безперебійного живлення), і машини не вирубилися б.
maildoc	205	text	Хоч-не-хоч, у двобої оголошують тимчасове перемир'я. Глядачі гомонять, організатор нервує.
maildoc	206	text	…І тут на всіх екранах у залі з'являється якийсь дивний логотип, а за ним поволі, літера за літерою, виринає текст.
maildoc	207	text	«I am a Monster. You are friend? хахахаха»
maildoc	208	text	Разом із цим лиховісним повідомленням чути тихеньке потріскування струму.
maildoc	20	text	[Кірарі] «Ні, Тамару, придивись — у того субноута немає екрана!»
maildoc	210	text	Джей: «Геть! Какеру!»
maildoc	212	text	Джей раптом відштовхує Какеру й силою висмикує кабель його особистої клавіатури з турнірного ПК.
maildoc	213	text	І тієї ж миті з USB-порту, де був кабель, летять іскри…
maildoc	214	text	Клавіатура, що для гравця важить хіба трохи менше за життя, уникла замикання буквально на волосину. Схоже, Джей урятував Какеру.
maildoc	216	text	Какеру: «Д-Дякую»
maildoc	217	text	Джей: «Хмф, не дякуй. Просто без суперника не буде й двобою»
maildoc	219	text	Сказавши це, Джей іде геть.
maildoc	21	text	[Тамару] «К-Кірарі, я такого ніколи не бачила! Він проєктує екран!»
maildoc	220	text	Турнір завершується, і обом як переможцям з однаковим результатом мають вручити трофей, але Джей навіть його не забирає — просто зникає.
maildoc	221	text	Какеру, звісно, теж відмовляється. Тож двобій переноситься до наступного турніру, за рік.
maildoc	222	text	Загадковий хлопець Джей. Ні Какеру, ні його друзі тоді й не здогадувалися, що згодом і він носитиме значок RaiNet.
maildoc	225	text	Кайкеру з друзями і сьогодні блискуче впоралися з крекерами. Тим часом Тамару зустрічає в мережі одну дівчину. Аюмі, від якої віє глибоким сумом, не йде йому з голови.
maildoc	226	text	Тамару вирішує пошукати й таки знаходить сайт Аюмі — і, зайшовши, жахається. Сайт розгромлено вандалами. Пароль зламано, тож вона не може навіть закрити сайт — украй підла робота.
maildoc	227	text	Розібравшись, він з'ясовує: це низькопробна вихватка — хтось знічев'я скористався краккерськими інструментами, яких у мережі повно. Бешкетує невизначена кількість скрипт-кідді.
maildoc	228	text	Розлючений Тамару кидає кідді, що орудують цими інструментами, виклик на бій. Не слухаючи застережень Кайкеру, він наосліп пре вперед.
maildoc	229	text	Через це він потрапляє в небезпеку, але зі властивою йому завзятістю кидається в бій знову й знову — і врешті перемагає кідді. Сайт Аюмі теж вдається відновити.
maildoc	230	text	Тамару йде сказати Аюмі, що тепер усе безпечно. Але поранені почуття Аюмі не повернути. Мережа стала для неї суцільним страхом, і вона каже, що більше ніколи не хоче мати жодного сайту. Тамару не знаходить слів.
maildoc	232	text	Проте—
maildoc	233	text	Люди з усього світу, які дізналися про розгромлений сайт і про те, як це поранило Аюмі, надсилають їй листи підтримки. У мережі є не лише оголена злоба. Є й ось стільки безкорисливої доброти.
maildoc	234	text	Аюмі вирішує відкрити сайт знову. І тут з'ясовується, що вона теж учениться школи Кайґьо.
maildoc	235	text	Вони домовляються зустрітися. Але перед Тамару, що чекав із калатанням у серці, з'являється… хлопець. Простіше кажучи, це був нетний перевдягач.
maildoc	237	text	Отак і згоріло дотла перше кохання (?) Тамару.
maildoc	23	text	«Упа» всередині субноута Какеру приносить термінового листа від Наґаї-сана. У листі — приголомшлива новина: Міністерство оборони зламали.
maildoc	240	text	J знову влаштовує кібертерор. Кайкеру кидається в погоню, але ворог його відкидає.
maildoc	241	text	Монстр-програма «Вайос» заморожує їхні програми — і вони не можуть ані руш.
maildoc	242	text	І в такому становищі J звертається до Кайкеру через голосовий чат.
maildoc	244	text	J: «Кайкеру, чому ти намагаєшся мене зупинити?»
maildoc	245	text	Кайкеру: «Це ти скажи, навіщо тобі все це?! Тобі так весело дивитися, як люди страждають?!»
maildoc	247	text	J відповідає, що просто хоче випробувати власну силу.
maildoc	248	text	Захист, у який неможливо пробитися, дані, які неможливо викрасти… якщо він їх здобуде, то переконається у своїй силі. Хіба Кайкеру став Мережевим Стражем не для того, щоб і собі похвалитися власною силою?
maildoc	249	text	Какеру заперечує слова Джея. Джей смішки — мовляв, який же ти нещирий — і йде.
maildoc	250	text	Після слів Джея Какеру починає вагатися: а чому він насправді став Нетґардіаном? У нього був геніальний хист і техніка, успадковані від батька. Він став Ґардіаном, щоб застосувати їх. Він здобував силу не для того, щоб стати Ґардіаном.
maildoc	252	text	Какеру «А може, я став Ґардіаном лише для того, щоб випробувати власну силу…?»
maildoc	254	text	Какеру страждає. Тепер він і сісти за комп'ютер не може — не пускає власне серце.
maildoc	256	text	А тим часом, без жодного опору з боку Какеру, навала Джея дістається головного комп'ютера Міністерства транспорту, що керує рухом по всій Японії.
maildoc	257	text	По всій Японії спалахують дорожні аварії. Одна за одною йдуть скорботні новини, а Какеру так і не може підвестися.
maildoc	258	text	І тут йому впадає в око одне повідомлення. Смерть чийогось батька.
maildoc	259	text	Обставини дуже схожі на його власні.
maildoc	25	text	Прочитавши листа, Какеру змінюється на очах: колір його очей інакшає, а рухи стають напрочуд стрімкими.
maildoc	260	text	
maildoc	261	text	Какеру опритомнює. Він присягається піднятися і сідає за RaiNet-клавіатуру.
maildoc	262	text	Бій Какеру проти Джея починається знову.
maildoc	265	text	Джей одну за одною випускає свої монстр-програми.
maildoc	266	text	Бойовий дух Какеру повернувся. Ось тільки монстр-програма Упа в нього є, а от ні її можливостей, ні способу застосування він не знає.
maildoc	267	text	У безнадійному бою Какеру дещо усвідомлює. Спосіб пробудити Упу… про це колись згадував його батько, ще за життя.
maildoc	269	text	Батько Какеру «Не покладайся на самі лише спритні прийоми. Справжня сила — у картах».
maildoc	26	text	Весь клас приголомшено дивиться, як він знімає з особливого субноута лише екран і під'єднує клавіатуру до шкільного комп'ютера.
maildoc	271	text	Пробудити Упу можна лише одним способом: замкнути всю його програму-основу в RaiNet-карту й створити з неї атакувальну RaiNet-карту.
maildoc	272	text	Какеру вважав, що вийняти Упу з комп'ютера — означає деінсталювати (тобто вбити) його, тож цей спосіб був справжньою грою на удачу. І все ж операція «Пробудження Упи» вдалася блискуче!
maildoc	273	text	Водночас Какеру вражений: сила Упи виявилася значно більшою, ніж він уявляв. Завдяки нищівній техніці Какеру й пробудженій силі Упи їм таки вдається сяк-так здолати Джея — але той ловить мить і втікає.
maildoc	274	text	У вікні чату Какеру з'являються слова Джея: «Ну й розважив ти мене», — і це доводить його до люті.
maildoc	275	text	Какеру та інші кусають лікті. А Упа, наче нічого й не було, знову стає милим настільним аксесуаром.
maildoc	277	text	Кібердракон, який усе це бачив. Він із теплом дивиться на те, як Какеру та його друзі виросли.
maildoc	279	text	Кібердракон: «Тримайся, Какеру…»
maildoc	27	text	Як екстрений захід він починає з шкільного ПК переслідувати крекера. Кірарі, Тамару й решта вражені тим, як несамовито Какеру заходився працювати з клавіатурою.
maildoc	281	text	Хоч Джей і втік — на превеликий жаль, — Кібердракон відчув, що Какеру та його друзі справді стали сильнішими. Але хто ж він такий насправді…?!
maildoc	284	text	Хакерів, які зазіхають на світ Мережі, ще безліч.
maildoc	285	text	Битва RaiNet тільки почалася!
maildoc	286	text	З новою рішучістю в серцях ми біжимо вперед — захищати порядок Мережі.
maildoc	287	text	У велике майбутнє!!!
maildoc	289	text	Е, але що це за назва наступної серії?! Школярка з молодших класів…?!
maildoc	28	text	Какеру йде слідом за крекером, який приховує свою особу, пропускаючи з'єднання через сервери по всьому світу. Легко знешкоджуючи пастки з вірусами, він підбирається до противника.
maildoc	291	text	RaiNet Kakeru ■ Доступ № 13: «Легендарна хакерка-молодшокласниця Вілл Чайна прибуває до Японії!»
maildoc	294	text	Наступного разу — знову Подвійний Доступ!
maildoc	29	text	Інтернет-кафе в Нью-Йорку. На моніторі відкривається вікно.
maildoc	2	text	Інтернет-кафе в Нью-Йорку. Хтось набирає лист.
maildoc	2話	text	RaiNet Kakeru　■Доступ № 2 «І — у майбутнє! Заснування RaiNet!»
maildoc	30	text	Какеру нарешті притиснув злочинця до стіни. Швидше за всіх кіберполіцейських світу й за ЦРУ він добирається до комп'ютера злочинця й заговорює до нього в чаті.
maildoc	31	text	Злочинець називає себе «J». J випускає віруси. Вони надзвичайно потужні — здатні примусово завісити чужий комп'ютер.
maildoc	32	text	Але Какеру відбивається, точно вистрілюючи вакциною, і поволі наближається до місця, де сидить злочинець. Уже відомо, що це десь у Нью-Йорку. Ще мить — і він визначить точну адресу…
maildoc	33	text	J знову дивується здібностям Какеру. «Не думав, що доведеться це застосувати…» — каже він і дістає CD-ROM дивної форми. Вірус, випущений із того CD-ROM, Какеру відбити не може. Ба більше, атака загадкової програми знищує всі комп'ютери в комп'ютерному класі.
maildoc	35	text	Цілковита поразка Какеру—
maildoc	36	text	Обличчя вчителя комп'ютерного класу багряніє від гніву. Тієї миті дзвенить дзвінок по закінченні уроків. Кусаючи губи від досади, Какеру мчить на роликах до Наґаї-сана.
maildoc	38	text	Кірарі й Тамару, яким кортить дізнатися, що ж воно за новенький той Какеру, кидаються за ним.
maildoc	3	text	«За годину починаємо кібератаку на Міністерство оборони…»
maildoc	3話	text	RaiNet Kakeru　■Доступ № 3 «Пі-по-пі-по! Пастка Мережевої Поліції!»
maildoc	40	text	Наґая-сан розповідає йому, що J застосував не просто комп'ютерний вірус, а вкрай небезпечну монстр-програму «Вайос».
maildoc	41	text	Загадкові монстр-програми, про які невідомо, хто і для чого їх створив.
maildoc	42	text	Їхня руйнівна сила, як кажуть, у тисячі разів більша за силу звичайних вірусів. Цих монстр-програм, що не підлягають копіюванню, у світі дев'ять видів, і кажуть, що той, хто збере їх усі, триматиме в руках усю мережу—
maildoc	43	text	Монстр-програму вважали просто мережевою легендою. Але з'явився хакер, який нею користується. Це надзвичайна ситуація світового масштабу.
maildoc	45	text	«І що ж робити?!» — тисне Какеру. У відповідь Наґая-сан дістає яскраву картку введення.
maildoc	46	text	«Ми теж не сидітимемо згорнувши руки. Розробку нової картки RaiNet щойно завершено».
maildoc	47	text	Що ж це за нова картка RaiNet? І хто такий насправді Какеру?
maildoc	49	text	А тим часом—
maildoc	4話	text	RaiNet Kakeru ■ Доступ № 4 «Гордість Кадзуми, голови комп'ютерного клубу»
maildoc	50	text	Двері нью-йоркського інтернет-кафе відчиняються, і звідти виходить гарний хлопчина.
maildoc	51	text	«Какеру, значить… Цікавий тип».
maildoc	52	text	Ховаючи CD-ROM дивної форми, він весело засміявся.
maildoc	54	text	Саме цей хлопчик і був тим школярем-хакером «J», що колись сколихнув увесь світ—
maildoc	58	text	Кірарі й Тамару, які геть загубили нитку розмови, подають голос.
maildoc	5	text	Юмехара Какеру — п'ятикласник, який щойно перевівся до початкової школи Кайґьо. І в навчанні, і в спорті він бездоганний, але нічим особливо не вирізняється.
maildoc	5話	text	RaiNet Kakeru　■ Доступ № 5 «Зустріч із Бішопом, хакером інтернет-банків»
maildoc	60	text	«Хто ж такий цей Какеру?»
maildoc	62	text	Насправді Какеру — добровольчий воїн, що охороняє лад в інтернеті: Мережевий Вартовий.
maildoc	63	text	Кірарі й Тамару, вражені тим, як це круто, одразу просять узяти їх до себе. Але Какеру рішуче відмовляє: битися доведеться зі злочинцями, а це надто небезпечно.
maildoc	64	text	Саме тоді надходить повідомлення: сервер онлайн-гри атакував загадковий хакер «Бізмен». Какеру не гає часу — з новою карткою RaiNet, яку зробив пан Наґая, і особливим браузером «Альфа-Ґейт» він кидає йому виклик.
maildoc	66	text	Нова карта RaiNet — у справі вперше. Незважаючи на цю перешкоду, Какеру успішно вводить Завантажувальне Закляття.
maildoc	67	text	І коли вже здавалося, що перемога над кракером буде легкою, Бізмен, який повністю контролює ігровий сервер, переписує саму систему гри й замикає Какеру в глибині ігрового підземелля-петлі.
maildoc	68	text	Какеру в небезпеці.
maildoc	69	text	І тут — Кірарі й Тамару теж роблять кібер-занурення й приходять на допомогу Какеру!
maildoc	6	text	Його однокласники Кірарі й Тамару — учасники нечисленного шкільного комп'ютерного клубу; вони вмовляють Какеру вступити, бо їм потрібен хоч хто-небудь, аби збільшити склад. Проте самого Какеру це не надто цікавить.
maildoc	6話	text	RaiNet Kakeru　■ Доступ № 6 «За випробуванням — упа-упа! Таємниця Упи»
maildoc	70	text	Ба більше, обоє, як виявилося, знають цю гру досконало. А головне — вони не могли спокійно дивитися, як мучать гравців. Хакера, що захопив сервер і бавився долею гравців, вони не збиралися прощати; їхній запал переконує Какеру, і той вирішує битися разом із ними. Завдяки блискучій підтримці двох і здатності Какеру до Пострілу Бізмена вдається здолати.
maildoc	72	text	І тут раптом на моніторі відкривається невідоме вікно чату.
maildoc	73	text	Це виявляється зв'язок від Головного поліцейського управління Токіо.
maildoc	74	text	«Може, вони хочуть нас похвалити?» — радіють Какеру й друзі, але…
maildoc	75	text	Поліція звертається до трьох зі словами —
maildoc	77	text	«Ви затримані!»
maildoc	7話	text	Доступ № 7 «Перший в історії авіації! Захоплення літака із землі!»
maildoc	80	text	Японській Мережевій Поліції не до душі Какеру, який раз за разом здобуває заслуги. Тому вони погрожують йому законом про заборону несанкціонованого доступу. Цього разу справу не порушують, але наказують надалі стримуватися — а заслугу за арешт Бізмена приписують собі.
maildoc	81	text	«Та що можуть діти?» — глузує Ред, один із Мережевої Поліції. Какеру й друзі обурені: у хакерських навичках вони не збиралися нікому поступатися.
maildoc	82	text	І тут з'являється іконка Піпо-куна: «Я все чув!» І цей самий Піпо-кун раптом викликає їх на двобій.
maildoc	83	text	Кіберзлочинність дедалі лютішає. Ніде правди діти — поліції справді потрібна будь-яка допомога. Та все ж не можна дозволити ненавченим дітлахам плутатися під ногами в розслідуванні. Тому Піпо-кун вирішує перевірити, на що насправді здатні Какеру та його друзі.
maildoc	84	text	Какеру з друзями перемагають, якщо зможуть проникнути в найглибший рівень сервера Головного поліцейського управління, де мешкає Піпо-кун. Якщо це вдасться відбити — перемога за Нетполіцією. А якщо переможуть Какеру з друзями, вони отримають право на арешт, рівне з Нетполіцією, — таку умову пропонує Піпо-кун.
maildoc	85	text	Ред, певний, що поразка йому не загрожує, приймає виклик. Так сервер Головного поліцейського управління стає ареною хакерської битви.
maildoc	86	text	Проте Ред підло закриває всі порти сервера. Порти — це, власне, двері, відчинені назовні. Тобто Какеру з друзями мусять проникнути в будівлю, у якої немає входу.
maildoc	87	text	Какеру з друзями розгублені: робити нічого. Та раптом Какеру дещо спадає на думку. Разом з Кірарі й Тамару він котить містом на роликових кросівках.
maildoc	88	text	З їхньою допомогою Какеру таки проникає в справжню будівлю поліцейського управління. Підключивши свій особливий сабноутбук до внутрішнього телефону-автомата, він із багатим знанням і блискучою технікою впевнено просувається все глибше — і нарешті таки проривається до потрібного сервера!
maildoc	89	text	Піпо-кун урочисто оголошує Какеру переможцем. Як і обіцяно, надалі вони отримають повну підтримку поліції. Какеру з друзями шаленіють від радості. Але Ред обурюється: «А яке право Піпо-кун має таке робити?! Це не має жодної сили!»
maildoc	8	text	[Кірарі] «Він, певно, не дуже ладнає з комп'ютерами. Тут нічого не вдієш.»
maildoc	8話	text	Доступ № 8. «Гримни, Інадзумо! Найвище мистецтво Майстра Друку!»
maildoc	90	text	І тут перед Піпо-куном відкривається вікно. А в ньому — не хто інший, як начальник Головного поліцейського управління. Отже, ним Піпо-кун і був насправді!
maildoc	91	text	На слова «Хіба ж не потрібна така молода сила, щоб стати на бій із лютою кіберзлочинністю?» Ред не знаходить, що заперечити.
maildoc	92	text	Так на світ з'явилися офіційно визнані поліцією «Вартові RaiNet»!
maildoc	95	text	Кірарі й Тамару вмовляють Какеру вступити до комп'ютерного клубу.
maildoc	96	text	Але голова комп'ютерного клубу, Ічікава Кадзума з 4-го класу, заявляє: «Поки не побачу справжніх умінь Какеру, вступу не визнаю!»
maildoc	97	text	Аж тут з комп'ютера початкової школи Шідо надходить лист із викликом. Шідо — школа-суперник у турнірі з друкування «Майстри Друку».
maildoc	98	text	Відмовитися від виклику не можна. І ось починається битва з друкування між Кадзумою та головою комп'ютерного клубу школи Шідо — «Іма П'юутою».
maildoc	99	text	Спершу Кадзума стрімко нарощує рахунок і веде. Але, скориставшись тим, що в онлайн-битві супротивника не видно, притиснуті до стіни шідовці підло надсилають на комп'ютер школи Кайґьо вірусну програму, яка сповільнює саму швидкість обробки набору.
maildoc	9話	text	RaiNet Kakeru ■ Доступ № 9 «Вирішальний бій! І… початок»
